time,,company,likes,comments,shares,url,text,object1 ,object2,object3,obj4,obj5,max_fine_recog,semantic_seg_perc,obj_sem_seg,similarity,total_engage
2024-01-01T14:00:00.000Z,,Amazon,279,335,19,https://www.facebook.com/Amazon/posts/955994695979053,Happy 2024! Find all our Customers' Most Loved products for the New Year. https://go.amzn.to/48zKt0r,0.07,0.04,0.02,0.02,0.02,0.07,0.52,obj3,0.186580836772918,633
2023-12-28T20:00:00.000Z,,Amazon,400,675,23,https://www.facebook.com/Amazon/posts/pfbid02aSxiNwaWBnjitoJph9L96CSQdfiMgvuuXAXcNugwruvqSJyE1QVzQoEHUtcWZuKHl,It's not too late to shop our Winter Sale! Click the link for all the deals. https://go.amzn.to/41UFRjH,0.29,0.07,0.06,0.04,0.04,0.29,0.52,obj4,0.203506454825401,1098
2023-12-26T17:00:00.000Z,,Amazon,500,756,56,https://www.facebook.com/Amazon/posts/pfbid0R56XUsu2LUp7ZyzVfVCrSJfxVASJM4oeqNvvoicgKTrHriUdfVsEnASU5k9ACcUEl,'Tis the shopping season! Our Winter Sale is live ❄️ https://go.amzn.to/48w0Via,0.8,0.03,0.03,0.02,0.02,0.8,0.35,obj2,0.192796781659126,1312
2023-12-23T14:00:01.000Z,,Amazon,426,438,31,https://www.facebook.com/Amazon/posts/pfbid0isnbHJfu17CJVxccv3uhn3EzhwCQBfSxTH4P1H2zWPYwmd6opfnTFp9XBjYrYBiCl,"Deck the halls with amazing last-minute gift giving, find the perfect gift card for all your loved-ones. https://go.amzn.to/48rohWd",0.42,0.02,0.03,0.01,0.01,0.42,0.43,obj1,0.198520585894584,895
2023-12-20T22:00:00.000Z,,Amazon,450,879,37,https://www.facebook.com/Amazon/posts/pfbid02icVmewkPSETQfF2MLiAC5q3QURHVgRVbgzxjipxp2hE8xpKKheFgkwiuEfGMsUFTl,"Boogie over to shop last-minute holiday deals on decor, gifts, and more.  go.amzn.to/1813",0.18,0.1,0.06,0.03,0.03,0.18,0.44,obj1,0.17513632774353,1366
2023-12-19T22:00:00.000Z,,Amazon,419,583,47,https://www.facebook.com/Amazon/posts/pfbid0LeEX8Cm6p8jgjnM4TskQ23tN5EnVx5boru6aaL6exn3YE8dPBQRw8tv4ZN3xePWJl,Seasonal sips that’ll take your soirée to the next level. Shop last-minute deals on hosting essentials. https://go.amzn.to/3REPe3g,0.08,0.06,0.04,0.04,0.04,0.08,0.27,obj1,0.194322913885116,1049
2023-12-16T22:00:01.000Z,,Amazon,472,578,51,https://www.facebook.com/Amazon/posts/pfbid02Up6X5bJ9RB9qwpPrzPSbREJayRe74BHvEsYTtgmupH3mHEcTj14r7r6s7zSATFaEl,"A sprinkle of this, and a dash of that. Shop last-minute deals on baking must-haves. https://go.amzn.to/470LZrk",0.2,0.16,0.06,0.04,0.03,0.2,0.27,obj1,0.190189883112907,1101
2023-12-13T22:00:01.000Z,,Amazon,400,554,30,https://www.facebook.com/Amazon/posts/pfbid0EBKHPgPuZWPrG27xw2c6q6yqdd9wXAizKvE6agYEkgzSU3s7Yx7p8PHrS6ndVUjKl,Spread joy & save coins with last-minute deals on holiday gifts. https://go.amzn.to/3TzlDKb,0.22,0.1,0.07,0.04,0.03,0.22,0.15,obj3,0.16368992626667,984
2023-12-10T22:00:00.000Z,,Amazon,495,815,34,https://www.facebook.com/Amazon/posts/pfbid02KTDFitsNegA376s8t8UG1rAsPshrHx9HhZSY4fY6Yr7Fk7KYyy8Ges7W29z726t8l,Don't show up to the holidays empty handed. Shop great gifts for the ho-ho-host.  https://go.amzn.to/3RtsrHu,0.46,0.05,0.03,0.02,0.02,0.46,0.1,obj1,0.229034900665283,1344
2023-12-09T22:00:00.000Z,,Amazon,356,414,33,https://www.facebook.com/Amazon/posts/pfbid0XQhRSHyX57hihD3xj6nWLVueC9pRiTfEMVr14TYY41mjyhznm1Xnp6gqd2vLCf7Kl,Beautifully wrapped & ready to be ripped. Shop holiday deals on gifts and wrapping. https://go.amzn.to/3TiBJro,0.24,0.16,0.15,0.04,0.03,0.24,0.18,obj1,0.191355213522911,803
2023-12-07T22:00:01.000Z,,Amazon,484,718,66,https://www.facebook.com/Amazon/posts/pfbid0gZ2ELSy7EXug9emVENiczxmMZoUGGbfGxKfNUN34JZJbwAgHKXhVq91sWPGKcXtHl,Get wrapped up in the holiday spirit with gifts for everyone on your list. https://go.amzn.to/3t6sjV5,0.31,0.08,0.05,0.05,0.02,0.31,0.27,obj4,0.182846367359161,1268
2023-12-06T22:00:00.000Z,,Amazon,368,425,37,https://www.facebook.com/Amazon/posts/pfbid0y4FNcqDiPftuyMBkAJ5Eqeu7o4hPdYZ9f41UuYzcPwgjK8UcUenDBgm9a5TnLZpbl,Gift them the tools they need to make your house a home for the holidays. Shop gifts for people who love home improvement. https://go.amzn.to/417j7fW,0.33,0.12,0.1,0.02,0.02,0.33,0.95,obj2,0.18853735923767,830
2023-12-05T22:00:02.000Z,,Amazon,391,866,27,https://www.facebook.com/Amazon/posts/pfbid02jy22TRmF6XBGEXa6gG1YFWFAvAYWvyHSgCJ98sQB7p4STkwjmYypvjxnVYVkeUZGl,Now is the time to get the deals you want on the best gifts. Check the link in our bio and let the saving begin. https://go.amzn.to/3RoKHSr,0.24,0.09,0.06,0.05,0.03,0.24,0.19,obj1,0.173951685428619,1284
2023-12-02T22:00:01.000Z,,Amazon,311,560,25,https://www.facebook.com/Amazon/posts/pfbid02L1yWZhHmATGBULcHXYeqUWXysscG1MFWGTRXJvnYxer7ZTP8toE2agZ9U1WY7bful,Plant the seeds of holiday cheer with big deals on gardening goodies. Shop holiday deals. https://go.amzn.to/3sX7ICu,0.26,0.09,0.06,0.04,0.03,0.26,0.92,obj3,0.205883711576461,896
2023-12-31T20:00:31.000Z,,Berkshire Hathways,824,52,254,https://www.facebook.com/BHHSRealEstate/posts/pfbid0mXLTWFq2HjtoWLmnr9GqZwEb8SGg9Re33tUz7iSfRBAC5SaggpPv2KxLkKdjAZ1bl,"Here’s to a successful and joyful 2024 to all of you!  If your new year’s resolutions include buying, selling, or upgrading property, be sure to reach out to your Forever Agent℠ so you can maximize your chances of kicking off your new year with the resources you need.

#HappyNewYear #BHHS #RealEstateGoals #NewYearsResolutions",0.31,0.23,0.04,0.03,0.01,0.31,0.27,obj3,0.126166835427284,1130
2024-01-01T20:50:33.000Z,,Walmart,233,88,4,https://www.facebook.com/walmart/posts/359464440029690:359464440029690,,0.48,0.13,0.01,0.01,0.01,0.48,0.3,obj4,0.180265516042709,325
2023-12-29T17:00:20.000Z,,Berkshire Hathways,50,7,9,https://www.facebook.com/BHHSRealEstate/posts/pfbid0G5cp2NgHDHT71T6mS236doX7XyWUDnzjtViJwZn69qVcFeNH6hmFN9a2TpWDAsJ4l,"Special thanks to filmmaker Erik Conover for an exclusive tour of this unparalleled $30 million oceanfront masterpiece, represented by our network’s own Paul Grover at Berkshire Hathaway HomeServices Robert Paul Properties.

Conover ventured through this exceptional residence, where commanding views of Nantucket Sound unfold along an extraordinary 280 feet of private sandy beach. Nestled within 3.66 acres of magnificent landscaping, boasting specimen trees and lush plantings that ensure absolute privacy, the home harmoniously integrates amenities such as a 5,000-bottle wine cellar, golf simulator, gym, massage room, 7 garage spaces, and a separate staff house. 

Watch the video here: https://www.youtube.com/watch?v=DMGLIZxOO2E",0.66,0.07,0.05,0.04,0.04,0.66,0.94,obj1,0.21603187918663,66
2023-12-28T17:00:25.000Z,,Berkshire Hathways,570,56,44,https://www.facebook.com/BHHSRealEstate/posts/pfbid02QAnPeaUpDdSZrRTr1XDqXgxr1J8ansVB1xKBnqXQGW3QPTrqbiQWdC8KQuGkYtDdl,"We're thrilled to share that the cover property of Prestige magazine's Fall 2023 issue has just sold for a record-breaking $10,650,000—making it the highest-priced home sale on Wrightsville Beach to date! 

Congratulations to Peter Sweyer of Berkshire Hathaway HomeServices Carolina Premier Properties on this milestone transaction.  

#RecordSale #BHHS #BHHSRealEstate",0.93,0.02,0.01,0.01,0.01,0.93,0.56,obj1,0.165844962000846,670
2023-12-19T06:38:10.000Z,,Microsoft,14,3,1,https://www.facebook.com/MicrosoftIndia/posts/pfbid0n5LNfdxzJVZsND8fEw7sPBfCvfnb8gYtBZD9SJqdB6rWCrwaAHCzbkiTXztFHXQul,"Prevent bad actors from intercepting sensitive data. Learn about the different types of email encryption, and how they work, and get advice for choosing the best solution: http://msft.it/6180iZgWn #EmailSecurity",0.07,0.06,0.05,0.05,0.05,0.07,0.93,obj4,0.156704738736152,18
2023-12-21T18:55:23.000Z,,Walmart,1228,1721,56,https://www.facebook.com/walmart/posts/pfbid0UX4SqCTU2LoQqVPJSzddyLNdkPKvLFzSYkoebaSwABUz3VUXLnXbfhVxQEfop8Kvl,The best tasting at a great value? Literally. Try our Great Value cocoa here: https://walmrt.us/48t7tOU,0.34,0.19,0.08,0.05,0.03,0.34,0.3,obj1,0.234806671738624,3005
2023-12-20T18:34:52.000Z,,Walmart,1461,1153,128,https://www.facebook.com/walmart/posts/pfbid02hhRLBDJpQnhoqqbXR5so4Jcwg587HELrYmdS1WNPnTowtBRNzCWibdVq2bkYS1H9l,"You know who this would be a great gift for? You. You earned it. You deserve it. Just say it's from Santa, we won't tell.",0.24,0.22,0.03,0.03,0.02,0.24,0.85,obj1,0.215380072593688,2742
2023-12-27T17:00:19.000Z,,Berkshire Hathways,537,69,33,https://www.facebook.com/BHHSRealEstate/posts/pfbid0tr47ERzYiYAvXZ8CFT1wb1wsyKiE4zjtGmbNiMKFzGmaQAxuaBUBkmp8rRAky3SRl,"We are excited to announce the return of the award-winning Bob Kelley Team to Berkshire Hathaway HomeServices Fox & Roach, Realtors. The team, which briefly departed Berkshire Hathaway HomeServices Fox & Roach, REALTORS® for Compass in 2019, officially returned to the brokerage on December 19, 2023. 

Led by industry veteran Bob Kelley, the team closed more than $73 million in sales in the last 12 months.

We’re looking forward to seeing the team thrive with the support of the #BHHS global network!",0.72,0.02,0.01,0.01,0.01,0.72,0.13,obj1,0.197266355156898,639
2023-12-25T17:00:35.000Z,,Berkshire Hathways,762,79,143,https://www.facebook.com/BHHSRealEstate/posts/pfbid02rRAwwmV7gwUSPZRSymAnNXa5QFcLX7zVxQxMzKwCFCSTF2wtax5tAaCJvdpKzSiyl,"Wishing you a very Merry Christmas from all of us at Berkshire Hathaway HomeServices.  May your day be filled with laughter, gratitude, and delicious food! #MerryChristmas #HappyHolidays",0.79,0.03,0.02,0.01,0.01,0.79,0.13,obj2,0.155028909444808,984
2023-12-22T17:00:40.000Z,,Berkshire Hathways,426,14,23,https://www.facebook.com/BHHSRealEstate/posts/pfbid02USFgX4MDk3u8nfXpQrMK2eNLtgGZJYa4LvQhND2t1H1FJcFidQqSN2g758rmkQVSl,"The season of giving back is in full swing in San Miguel de Allende, Mexico, as illustrated by this generous donation of 4 full university scholarships by Berkshire Hathaway HomeServices Colonial Homes San Miguel led by Greg Gunter and Alma Cecilia Ramirez—we applaud their philanthropic spirit!",0.54,0.24,0.03,0.02,0.01,0.54,0.92,obj1,0.172347217798233,463
2023-12-21T17:02:19.000Z,,Berkshire Hathways,183,13,6,https://www.facebook.com/BHHSRealEstate/posts/750599217106467,"Berkshire Hathaway HomeServices is pleased to announce the 2024 National REthink Council.

The national Berkshire Hathaway HomeServices REthink Council connects forward thinking next-gen future leaders in real estate within an environment where they can collaborate on best practices, develop resources that brokerages can use or implement on a local level, and provide feedback to Berkshire Hathaway HomeServices leadership.

Find out more at REthink Council.

#BHHS #BHHSRealEstate #BHHSREthinkCouncil #REthinkCouncil",0.53,0.08,0.05,0.04,0.03,0.53,0.22,obj5,0.142198130488395,202
2023-11-28T06:05:46.000Z,,Microsoft,34,4,3,https://www.facebook.com/MicrosoftIndia/posts/pfbid0jeEdX2VGgqz7th1bMfZrT19Uf3ykXcWt65cVRogvAzyJtqcPHp3nmadURJ3JtAX3l,"What does the term “cybersecurity” really mean?

Learn about types of threats, best practices, and how you can defend your people and data: http://msft.it/6185izMpf #InfoSec #CybersecurityTips",0.25,0.07,0.04,0.03,0.03,0.3,0.3,obj1,0.140041723847389,41
2023-11-28T04:54:14.000Z,,Microsoft,23,4,2,https://www.facebook.com/MicrosoftIndia/posts/pfbid0EJCK5DJcD6g4bHpswSeVhTkg9Xnhq32dCczdxRka6WhEaMHodxks9QTtSX3CuasBl,"A lock on your fridge may be good enough to keep your roommate's pilfering hands at bay, but it won't protect your data. Learn how to safeguard your data with these strategies: http://msft.it/6188izziY #DataProtection #DataSecurity",0.37,0.22,0.13,0.02,0.02,0.37,0.18,obj4,0.161159604787826,29
2023-11-24T05:15:06.000Z,,Microsoft,23,5,1,https://www.facebook.com/MicrosoftIndia/posts/pfbid02BLjaboUHEa2u4NdAWEj7whcMPk2Fq88fmhiDCmjzMXtjaw1yotj2wtLQbz49Npetl,"Engaged employees drive action and outcomes, with 70% reporting continuous improvement. Learn how you can empower your workforce with next-generation AI and insights: http://msft.it/6189iyWPH",0.31,0.23,0.05,0.04,0.04,0.31,0.19,obj3,0.202037841081619,29
2023-12-14T20:08:40.000Z,,Walmart,2848,1135,184,https://www.facebook.com/walmart/posts/pfbid0srPf7RVYY7pSesFHu6mnbExwGxRsWZYirg8YkquVWTWLDn9X2hqyprSy3FGGeJJUl,"Deals are here!Shop this deal & many others in-store & online now!

https://walmrt.us/47Y5gLt",0.45,0.06,0.04,0.04,0.01,0.45,0.57,obj2,0.241388022899627,4167
2023-11-23T06:07:19.000Z,,Microsoft,20,4,0,https://www.facebook.com/MicrosoftIndia/posts/pfbid02Mmye6zDGFvG8MrLQqisMr9JRBVKLWKmKpE2i8sEiVWd2dLoFLLeG2FX9nXvc4jiDl,"Discover four different ways business leaders are using Viva to deliver an improved, inclusive, and holistic experience for their employees: http://msft.it/6182iyBhI #EmployeeExperience",0.57,0.07,0.04,0.03,0.02,0.57,0.22,obj1,0.164624392986297,24
2023-12-18T17:04:10.000Z,,Berkshire Hathways,534,78,34,https://www.facebook.com/BHHSRealEstate/posts/pfbid02YMr8HRDYTx2n7UzXhajd6NeY4kLnyJJ4eGLPoxVPjZwyJUkH56nG5zanakc5zLMyl,"The Berkshire Hathaway HomeServices Woodmont Realty charity committee was busy on Giving Tuesday, personally delivering sizable checks to four non-profits: Second Harvest of Middle Tennessee, Operation Stand Down, Friends Life Community, and Ancora TN (formerly known as End Slavery TN).

The committee raised over $15,000 in total which was split equally among the above charities. We commend committee co-chairs, Jamie Shea and Ben Jasek, and the Berkshire Hathaway Homeservices Woodmont Realty - Brentwood team for their stellar efforts! ✨

#GivingTuesday #GivingBack #ForEveryone #BHHS #WoodmontRealty #BHHSRealEstate",0.16,0.14,0.12,0.07,0.03,0.16,0.34,obj5,0.209283307194709,646
2023-12-15T17:00:19.000Z,,Berkshire Hathways,678,78,30,https://www.facebook.com/BHHSRealEstate/posts/746739290825793,"We love the simple caption that accompanied this image posted by Maxwell.Realtor—“Call as a client. Close with a friend.”

This is a common occurrence throughout the #BHHS network. Being a real estate agent is all about establishing true, meaningful relationships. It’s our Forever Agent℠ way.",0.1,0.09,0.04,0.03,0.03,0.1,0.2,obj4,0.19257053732872,786
2023-11-17T04:45:25.000Z,,Microsoft,35,6,0,https://www.facebook.com/MicrosoftIndia/posts/pfbid02NnQTLednmzraBmbZhJt3fAckM9KvMqaG96a7YHAXMiTHqn38zmwqHU7jButjVHACl,"When you accept the cookies, and now you want a little treat",0.14,0.09,0.07,0.03,0.03,0.14,0.95,obj1,0.142470732331275,41
2023-12-12T17:04:45.000Z,,Berkshire Hathways,486,91,47,https://www.facebook.com/BHHSRealEstate/posts/pfbid02i4Vq4KyKaydZsk1s3FXB5XwEVSeZ6JHzTj5QgVNA6iVEeCRrTEMDpBiTCfNBwDfJl,,0.11,0.1,0.09,0.05,0.05,0.11,0.19,obj2,0.189164862036705,624
2023-10-23T07:13:41.000Z,,Microsoft,87,8,2,https://www.facebook.com/MicrosoftIndia/posts/1391644154758308:1391644154758308,,0.13,0.11,0.09,0.06,0.06,0.13,0.09,obj1,0.2014040350914,97
2023-12-11T18:34:18.000Z,,Berkshire Hathways,203,15,7,https://www.facebook.com/BHHSRealEstate/posts/pfbid0ZsSCmBQxT6Qz1Ccg9USrjJstzkYumrhp7NgbZE5uc4gHCESfEG1NT7FEi5t4xGMCl,,0.81,0.06,0.02,0.01,0,0.81,0.5,obj1,0.179202273488044,225
2023-10-18T05:30:09.000Z,,Microsoft,18,4,3,https://www.facebook.com/MicrosoftIndia/posts/pfbid07Z7cghEmZF35VTwSsJYDni6VfY3sF12FUmdKRPQNM9e7vfEvdfn2Z56qEwgr1jP9l,Cybersecurity Awareness Month is the perfect time to advance your small business' security posture. Enhance your protection today with 10% off Microsoft 365 Business Premium. http://msft.it/61859a3bx #SecureOurWorld,0.07,0.06,0.04,0.04,0.04,0.07,0.68,obj4,0.210303634405136,25
2023-10-17T08:09:42.000Z,,Microsoft,15,2,2,https://www.facebook.com/MicrosoftIndia/posts/pfbid02ovaV7SDWXYo2uCufuVHPRodZDT5MoDr7mw1XbBHQWsDSyPMtSnMpYJ6K4rHTMkjyl,Want to better understand generative AI—including how to create prompts using Azure OpenAI Service? Start by learning the basics in episode one of our new series—From Doodle to Code:,0.58,0.03,0.02,0.02,0.01,0.58,0.61,obj1,0.192228198051452,19
2023-12-06T18:28:14.000Z,,Berkshire Hathways,403,37,30,https://www.facebook.com/BHHSRealEstate/posts/pfbid018VNZC5jxa3zGjvZjjccjWp3SQCMJYcAoNxCEnz3mEmcmirt1nqednUSDVHJYXcrl,"Congratulations are in order for the marketing teams at both Berkshire Hathaway HomeServices Georgia Properties and Berkshire Hathaway HomeServices California Properties who recently placed 1st and 3rd in their respective regional categories in the 2023 Exhibit Awards, which celebrates the best of real estate branding and design.

Berkshire Hathaway HomeServices Georgia Properties—led by Kelly Silver, SVP, Marketing, and Don Freewalt, VP, Brand Marketing and Creative Director—clinched the top spot in the South East category with their agent-focused social campaign, while Berkshire Hathaway HomeServices California Properties—led by Allison Jones, VP of Marketing, and Glen Wellbrock, Sr. Director of Marketing—were commended for their Lifestyles publication in the West category. 

#1: The Berkshire Hathaway HomeServices Georgia Properties marketing team celebrating their award
#2: A sample of the winning material from Berkshire Hathaway HomeServices Georgia Properties
#3: Recognition of the Berkshire Hathaway HomeServices California Properties 3rd place award
#4: Lifestyles magazine from Berkshire Hathaway HomeServices California Properties",0.97,0.02,0.01,0.01,0,0.97,0.71,obj1,0.197151198983192,470
2023-10-16T10:22:00.000Z,,Microsoft,20,1,0,https://www.facebook.com/MicrosoftIndia/posts/pfbid0yAajPMMYPxvw7LgQZ2iSHth3CvLYAMDi5AJ6QcCuEuieQhvM3c35HZ2pLzFVUiG5l,"With Copilot in Teams chat and Teams Phone—stay on top of your discussions, capture important information, and follow up on action items:",0.98,0.01,0.01,0.01,0,0.98,0.99,obj1,0.141940951347351,21
2023-10-16T05:17:46.000Z,,Microsoft,16,1,0,https://www.facebook.com/MicrosoftIndia/posts/652792913635205,Organizations that embrace AI will unleash creativity and unlock productivity for everyone — ushering in a new wave of productivity growth and value creation:,0.19,0.08,0.04,0.03,0.03,0.19,0.58,obj3,0.213591173291206,17
2023-10-13T06:14:59.000Z,,Microsoft,14,16,0,https://www.facebook.com/MicrosoftIndia/posts/pfbid02Keu37pGMpr36jjwXeTKHUvHyVVLPUEQuMXhAF9fXVGBokyNFSZir8yDSCWZoL1Bfl,"If you want to: 

️ Design and implement Zero Trust solutions 
 Translate strategy into capabilities 
 Collaborate with security experts 

—then you might be ready for our Microsoft cybersecurity architect exam. Start prepping today:",0.42,0.25,0.03,0.03,0.02,0.42,0.38,obj3,0.150977119803428,30
2023-10-13T06:11:51.000Z,,Microsoft,19,1,2,https://www.facebook.com/MicrosoftIndia/posts/pfbid02oD5X5f4FavLHzHE1JjnJFJwAKHFVAc9yxwCjWbjWwVXvJiJBWKKEsNVC89oVTCBZl,Python in Excel—bringing together the features you know and love with powerful data analysis tools to help you organize and visualize your data. Read the announcement: http://msft.it/61899ttcS #Excel,0.88,0.01,0.01,0.01,0,0.88,0.91,obj1,0.160229116678237,22
2023-12-05T17:46:52.000Z,,Berkshire Hathways,728,38,52,https://www.facebook.com/BHHSRealEstate/posts/pfbid02A8J48KJkGwri5ApbLWUGUnVQytADMSWdnRqtCJ1HTyPDDquy7bjty7F8FBiepeT5l,"We always knew Spain was special—and now it has been confirmed that the country is home to the top three best places to live by InterNations, the largest global community for people who live and work abroad—with Malaga, Alicante, and Valencia sweeping the podium spots. 

Madrid and Barcelona also ranked high on the list—coming in at 6th and 13th respectively—giving Spain an impressive 5 cities in the Top 20.

In October 2019, we announced our network growth into Spain. Today, we have network offices in Madrid, Barcelona, Marbella, Mallorca, and Costa Blanca, so, if you are considering a home away from home, why not reach out to one of the team of real estate pros from Berkshire Hathaway HomeServices Spain, led by Bruno Rabassa Roig (pictured), to help turn your overseas property dreams into reality?

You can read the full list of InterNations’ top cities to live in via the link below.

https://www.forbes.com/sites/laurabegleybloom/2023/11/19/ranked-the-worlds-20-best-cities-to-live-according-to-expats/?sh=5f7c3bc43465",0.65,0.02,0.02,0.01,0.01,0.65,0.6,obj1,0.225433140993118,818
2023-10-12T11:07:45.000Z,,Microsoft,9,1,0,https://www.facebook.com/MicrosoftIndia/posts/650621980518965,Celebrate the twentieth anniversary of Cybersecurity Awareness Month with practical resources to help educate yourself and your organization on security best practices. Kick off this important moment with skilling opportunities: http://msft.it/61899tuvN #BeCyberSmart #SecureOurWorld,0.51,0.04,0.03,0.03,0.02,0.51,0.12,obj4,0.181790560483932,10
2023-11-29T17:00:23.000Z,,Berkshire Hathways,599,23,352,https://www.facebook.com/BHHSRealEstate/posts/pfbid0oqLXeAXbEkzdstPTRMkSuYQxD8WhWxANerJ7UJeTdVPrj97uucRsMkvVvUirZXg5l,"Don't let the winter chill put your home sale on ice. In this latest #GTK blog post, discover how to make your property irresistible to motivated winter buyers. Corporate relocations often happen before the new year, and families want to secure their new home before the new school semester begins. Learn how to decorate for coziness, infuse inviting aromas, and create a warm welcome. 
 
Just click the link below to read. Questions? Get in touch with Your Forever Agent® today.
 
https://www.bhhs.com/blog/blog-detail/2023/10/yes,-winter-is-a-great-time-to-sell-your-home.html",0.12,0.06,0.06,0.04,0.04,0.12,0.83,obj3,0.16875521838665,974
2023-11-28T17:02:38.000Z,,Berkshire Hathways,1154,107,102,https://www.facebook.com/BHHSRealEstate/posts/pfbid02XudtyYSXpNCE3GxZM5St9AL6Af6zhfmYeC6XGRJDF3LKPxVvg8VUQtwvx8cHenjel,"We’re just loving the new Berkshire Hathaway HomeServices London office on Sloane Avenue. Ideally situated moments from Sloane Square and Knightsbridge, the office will service Knightsbridge, Belgravia, Chelsea, and South Kensington, offering some of the most prestigious prime and super prime properties in this desirable London enclave.

Offering all our congratulations to Martin Bikhit and team for this exciting expansion.",0.42,0.22,0.09,0.03,0.02,0.42,0.57,obj2,0.195719227194786,1363
2023-06-28T09:00:02.000Z,,Microsoft,50,51,0,https://www.facebook.com/MicrosoftIndia/posts/pfbid02cmwnxg53VXgx9nPbqewSJaJiKG6k7dcRWyeCUxAsxbUuxBfJoGspkzxTfGLxQaxql,"What if we told you there's an easy way to improve your focus and productivity, and it only takes two minutes? Explore the breakthrough idea behind the Breakthru app for Microsoft Teams:",0.36,0.17,0.13,0.06,0.03,0.36,0.17,obj2,0.187676891684532,101
2023-05-29T06:11:26.000Z,,Microsoft,351,56,13,https://www.facebook.com/MicrosoftIndia/posts/pfbid02QejweTh7t15XqxnXkSi6fWvgMNpyWmrTcAHcboHdrKaHdnaT2jpy4XtU9mYq2Thgl,"Regards,
Microsoft",0.74,0.22,0.01,0.01,0,0.74,0.82,obj1,0.135425940155982,420
2023-05-25T11:24:26.000Z,,Microsoft,89,99,2,https://www.facebook.com/MicrosoftIndia/posts/pfbid0LxafSFZEn6cGSWWBSLMAzi42tmcgUfNzVvg6EyccRZ1u28eXzNqsb12qZMsuKjaKl,Use Designer to create sophisticated documents on #MicrosoftWord,0.9,0.01,0.01,0,0,0.9,0.99,obj1,0.140813827514648,190
2023-05-08T12:05:40.000Z,,Microsoft,192,13,6,https://www.facebook.com/MicrosoftIndia/posts/pfbid0xuwx6CDjznAY2iqu99wcqULH5F32EvwQpgNex17t6wFUBVMzATwWKpRcsKcprbcel,Purble Place was our favorite bakery too. #Throwback,0.33,0.18,0.17,0.01,0,0.33,0.46,obj3,0.148586884140968,211
2023-11-23T17:00:37.000Z,,Berkshire Hathways,615,42,134,https://www.facebook.com/BHHSRealEstate/posts/pfbid034naF2KyjzN4LN7Edk6inWV31VGc3WiDk5f7kqKsA4pwjRGE6jzqFSSigqkzcQrS3l,"Wishing you a joyful Thanksgiving from Berkshire Hathaway HomeServices. May your day overflow with love, laughter, gratitude, and the delicious delights of a festive dinner. #Thanksgiving #HappyThanksgiving #GiveThanks #BHHS #BHHSRealEstate",0.88,0.03,0.02,0.01,0,0.88,0.97,obj1,0.197887316346168,791
2023-05-05T08:43:08.000Z,,Microsoft,295,61,19,https://www.facebook.com/MicrosoftIndia/posts/6379851852066556,"Don’t be shy, tell us in the comments!",0.15,0.13,0.06,0.04,0.03,0.15,0.65,obj1,0.134450316429138,375
2023-11-21T17:06:56.000Z,,Berkshire Hathways,403,28,21,https://www.facebook.com/BHHSRealEstate/posts/pfbid034JPzpocndWH7Ba2kML5CGqgVr9CJvqtbbtsan8zCSoa4qbTbch7U8fi87WV3fzk8l,"In our latest Luxury Collection Specialist interview, we had a chat with dynamic mother/son duo Kim Stevens and Maxwell Stevens of Berkshire Hathaway HomeServices Pocono Real Estate to learn about the unique Poconos luxury market, their journey into real estate, and their excellent program Commissions for a Cause. 

Read here: https://www.bhhs.com/luxury-collection/sell/kim-and-maxwell-stevens",0.35,0.11,0.03,0.02,0.02,0.35,0.46,obj4,0.214189872145652,452
2023-04-27T09:47:53.000Z,,Microsoft,277,5,4,https://www.facebook.com/MicrosoftIndia/posts/pfbid02qcKcA4LuFrjbxYf1UbdZx4oeTHgBWuPE6VPRhBFbo6hn2smU1uChnskhiDj1xQNAl,"Trust us, we get it. #MicrosoftTeams",0.73,0.02,0.02,0.01,0.01,0.73,0.47,obj1,0.0824144780635833,286
2023-11-20T17:12:28.000Z,,Berkshire Hathways,663,35,35,https://www.facebook.com/BHHSRealEstate/posts/pfbid0KcPQnNohuU7Y7DEg4Lq6whBaktZz5fgd6PEajWnkgt375im5T57xcrJHqcrWpg3Ql,"We extend our heartfelt congratulations to Berkshire Hathaway HomeServices Stein & Summers Real Estate for reaching an impressive 50-year milestone—a remarkable half-century of excellence in St. Joseph, MO.

Since 1973, Berkshire Hathaway HomeServices Stein & Summers Real Estate has been a beacon of expert guidance, local knowledge, and unparalleled service for clients in the Kansas City area. We wish them another 50-plus years of continued success!",0.36,0.11,0.11,0.05,0.04,0.36,0.28,obj5,0.144467592239379,733
2023-04-25T07:00:03.000Z,,Microsoft,36,0,1,https://www.facebook.com/MicrosoftIndia/posts/pfbid02jwbhv2bGs8UiVc7uCCRPZGLZ75aZPrUhyBhfAAZX9rnGZt88q65EHe9nSY5ecZEWl,Reinventing and empowering productivity - check out the #Microsoft365 #Copilot https://shorturl.at/foJS3,0.12,0.1,0.07,0.05,0.03,0.12,0.12,obj5,0.169007837772369,37
2023-04-24T09:32:09.000Z,,Microsoft,43,1,0,https://www.facebook.com/MicrosoftIndia/posts/pfbid02VrpKvGvqbCNkvTLCoRY5kUjo7gtah4TDoPEm1bo6jhEskmEnMT2L9s3a2hR8tmLXl,On a deadline? Us too.,0.76,0.07,0.04,0.01,0.01,0.76,0.24,obj3,0.145251736044883,44
2023-11-17T17:31:27.000Z,,Berkshire Hathways,566,48,59,https://www.facebook.com/BHHSRealEstate/posts/pfbid08KLximuVYVPp97AmB9xAfoeEqPh7PcYnN9gfT6sGmf91rvHMGkSC6xJJxhpA7DcEl,"We are thrilled to announce that Berkshire Hathaway HomeServices Chicago has been crowned the No. 1 Top Workplace in Chicago among large companies for 2023 by The Chicago Tribune.  The company has ranked among the top three firms for five consecutive years, holding the No. 1 spot three times. 

A huge congratulations to all the dedicated individuals who contribute to making Berkshire Hathaway HomeServices Chicago an exceptional place to work. Your hard work and commitment truly set the standard.",0.06,0.06,0.03,0.03,0.03,0.06,0.26,obj4,0.125623613595962,673
2023-11-16T19:00:20.000Z,,Berkshire Hathways,420,49,48,https://www.facebook.com/BHHSRealEstate/posts/pfbid028hJ5CHi2iPRhHZPBkZ3AzMgaBdv1r3dJVSheKox2ZmCFqXd8xBodZkiVuVJvFphWl,"We are delighted to announce a dazzling new alliance—Borsheims x Berkshire Hathaway HomeServices. Borsheims is a fellow Berkshire Hathaway Inc. company known for fine jewelry, home accessories and decor. To celebrate the occasion, Borsheims is giving away a stunning diamond bracelet to one lucky network member. For official rules and to enter visit borsheims.com/BHHSsweepstakes

To learn more about the benefits for our network members visit https://www.borsheims.com/bhhs",0.18,0.12,0.08,0.07,0.04,0.18,0.56,obj3,0.138121232390403,517
2023-04-18T12:27:25.000Z,,Microsoft,27,1,0,https://www.facebook.com/MicrosoftIndia/posts/pfbid034tUGG36UHGA63kXpipYG1W4xZWBRZMhQdGLk3u1g2QiDtREyfGrYuY9hFwMuKRVml,Collaborative meeting notes are coming soon to Microsoft Teams! Create agendas and track tasks that drive your work forward. Check out this and other updates from Enterprise Connect: https://shorturl.at/BNRV4 #MicrosoftLoop,0.3,0.17,0.09,0.06,0.03,0.3,0.65,obj3,0.0998904928565025,28
2023-04-18T08:21:18.000Z,,Microsoft,43,3,4,https://www.facebook.com/MicrosoftIndia/posts/pfbid02WK8sB7pXKtw61DmnLz2AjZoFVLv34T2UpsiTJpc72r8WixHn3N6CVKK94JiKPKjjl,How we spend our time on PowerPoint. What about you? #MicrosoftPowerPoint,0.51,0.07,0.02,0.02,0.01,0.51,0.23,obj3,0.147304698824882,50
2023-04-06T10:39:07.000Z,,Microsoft,63,3,6,https://www.facebook.com/MicrosoftIndia/posts/pfbid0yb9vWxAqHALxGQKMmXHHxeW3yhZQJiDFAaoHsuN8Tm2bhv7MnGJ1KbcJHLCkmXrvl,"Ctrl + Z can save lives, just saying.",0.46,0.12,0.09,0.07,0.02,0.46,0.4,obj3,0.125832647085189,72
2023-03-27T12:49:35.000Z,,Microsoft,58,5,4,https://www.facebook.com/MicrosoftIndia/posts/pfbid09sSfXyZZSyMDoWraiq9PbDzG5sUCetZeWgCq6QTvyxuzcFRrrFiU6TvvRy6Yi9WKl,It happens to the best of us. Can you relate? #MicrosoftWord,0.64,0.09,0.02,0.01,0.64,0.64,0.57,obj4,0.156080409884452,67
2023-03-24T06:36:13.000Z,,Microsoft,29,2,1,https://www.facebook.com/MicrosoftIndia/posts/6252581978126878,"Security is a top priority for CEOs across different industries, and we are simplifying this journey for you.
Join our latest webinar to learn more about enhancing business security and protecting devices. shorturl.at/knITY",0.93,0.03,0.01,0.01,0,0.93,0.82,obj1,0.16517499089241,32
2023-11-14T17:00:24.000Z,,Berkshire Hathways,225,12,51,https://www.facebook.com/BHHSRealEstate/posts/pfbid0b1HhA9sxRAfNKLn6yuhoxVXYnP12tp2TKoSHLsyrwZUiaQcrumEkbM29yMpvcg5Tl,"Introducing the 2023 Resort Report from Berkshire Hathaway HomeServices. As the season shifts to cooler weather, many of us dream of sun-soaked destinations, such as Aruba, the Bahamas, the Cayman Islands, Cancun, Hawai'i, Los Cabos, and Tulum. This report explores the current market trends and more in these exquisite locales—just click the link below to read your copy.

https://issuu.com/bhhsevents/docs/berkshirehathawayhomeservices_resort_report_2023_i",0.33,0.09,0.09,0.03,0.03,0.33,0.15,obj2,0.162858203053474,288
2023-03-22T12:48:47.000Z,,Microsoft,24,1,1,https://www.facebook.com/MicrosoftIndia/posts/pfbid0rthDt4aV59XCKH2i12w576rMDoLpS37h3JYkR76XJA6HgSgNN93ioLPGsqHYJnw5l,"Empowering a sustainable future for local communities with innovative technology. #WorldWaterDay 
Know more: shorturl.at/kyDL7",0.27,0.15,0.11,0.07,0.05,0.27,0.29,obj1,0.157263442873954,26
2023-11-11T17:00:20.000Z,,Berkshire Hathways,1437,335,374,https://www.facebook.com/BHHSRealEstate/posts/pfbid0EPz2MxJfQj1KRE2S2ri5siZ7643TWWcfSDCZndmiuEXmDJDA5oKx9mGnpS9uZWkPl,"Honoring our heroes this Veterans Day. To all the brave service members who have answered the call to protect and defend our nation, we salute you. Thank you for your unwavering dedication and sacrifice. #VeteransDay #HonorOurHeroes",0.41,0.07,0.02,0.01,0.01,0.41,0.3,obj1,0.114154443144798,2146
2023-03-17T07:25:03.000Z,,Microsoft,23,2,1,https://www.facebook.com/MicrosoftIndia/posts/pfbid06aypVHfWXtfDuGBfJasaRsGVuaVQ3d1A5zHSpu4m6evxnQZfgFkaNKqwebEAB6Vdl,"Use your voice to quickly create documents, emails, notes, presentations, or even slide notes with Dictation on #MicrosoftWord.",0.86,0.02,0.01,0.01,0,0.86,0.94,obj1,0.143739938735961,26
2023-11-08T16:43:05.000Z,,Berkshire Hathways,142,6,18,https://www.facebook.com/BHHSRealEstate/posts/pfbid02j6fxyzq97jxxY3nrNGUoB5hJyHYqQEimCLfSzs7picUdg4GGhPyn383sKM8mCHRol,,0.91,0.04,0.01,0.01,0,0.91,0.99,obj1,0.148037806153297,166
2023-03-09T05:30:02.000Z,,Microsoft,39,2,1,https://www.facebook.com/MicrosoftIndia/posts/pfbid023sPZ4rKfJi6H9xzL741XGusg8749CwUWUX7C5kteGJb91qZiy1J4SbTp6dQieKfFl,"Saurav Gorai, an electrician, aims to become a site engineer with L&T Construction. Malini Sapaliga, a BCom graduate, aspires for a long career in the BFSI industry. Pushpa B., a nurse at a government hospital in Puducherry, is looking to upskill herself to do her job better. ​
From banking to construction to healthcare, new technologies are changing the nature of jobs and redefining the scope of productivity – in every sector. Here's how Microsoft, in partnership with Apollo Hospitals, L&T Constructions, and SBI Foundation, is empowering frontline workers to achieve more with digital skills. shorturl.at/ltOZ9",0.7,0.27,0.01,0.01,0,0.7,0.75,obj3,0.165468022227287,42
2023-11-07T17:08:01.000Z,,Berkshire Hathways,169,16,18,https://www.facebook.com/BHHSRealEstate/posts/pfbid0ARDuvxByc5Y9uBUnbYj6KREmfUZSpuPCZZwnkhDXe1vSCVBiVzsMDrth2wRf16jJl,,0.14,0.13,0.1,0.06,0.02,0.14,0.29,obj1,0.188828751444816,203
2023-11-19T15:23:40.000Z,,Walmart,2052,910,118,https://www.facebook.com/walmart/posts/pfbid08kF9zyz7DQPXVqFpYsKmFJUpEDnepDyXvMbatcVxrAnwhoBZdv45FnFdiaYDdkq8l,Will you be stopping in next Friday? Don't worry.  We've got incredible deals online too!,0.85,0.02,0.01,0.01,0.01,0.85,0.98,obj1,0.131556659936904,3080
2023-11-02T18:48:05.000Z,,Berkshire Hathways,309,18,26,https://www.facebook.com/BHHSRealEstate/posts/pfbid02kTCGex8CTCQTE2R2SHFY1RWjE3BdQ3aCo5kgfaLaz9ztFkavni3Di9eztTLLR8JTl,,0.24,0.1,0.1,0.04,0.03,0.24,0.6,obj1,0.17580160498619,353
2023-11-16T22:06:02.000Z,,Walmart,504,450,51,https://www.facebook.com/walmart/posts/pfbid0jrFNC5sNy5BepsWYc1TxW2rasvWreEyuMBxyjSLkUDZ2N3qK3Vpz6jadXj4TzCaxl,Tag your person & share your Walmart love story!,0.17,0.17,0.15,0.06,0.05,0.17,0.2,obj5,0.202690318226814,1005
2023-11-16T16:00:03.000Z,,Walmart,1485,760,1371,https://www.facebook.com/walmart/posts/pfbid02u5bWfaKYFAy2NUrQLosYwxY1oJmhaVULVNonkYiZnNo4skc4sgHs6xoZyrvUuu7Ll,Get your carts ready because #BlackFriday is here! ️ We’ve got all the necessary details for you to find the best #BlackFridayDeals right when they drop.,0.44,0.16,0.05,0.04,0.02,0.44,0.56,obj3,0.111984401941299,3616
2023-11-01T16:00:38.000Z,,Berkshire Hathways,459,27,59,https://www.facebook.com/BHHSRealEstate/posts/pfbid02UNDKMZRZPmZu6Yn7TZqP42XCZPfsB6Ks9btEpiybRXYQVow8nJcTwvSqeHfVT2bul,"We’re looking forward to showcasing the next episode of Behind The Listing which will feature this spectacular property in the Algarve, Portugal, represented by Berkshire Hathaway HomeServices Portugal Property.

Behind The Listing is an award-winning program produced in partnership with The Wall Street Journal that unveils the story behind some of the world’s most stunning homes and developments.  

Stay tuned for more details!",0.07,0.05,0.05,0.03,0.02,0.07,0.21,obj3,0.21162137389183,545
2023-10-31T15:53:34.000Z,,Berkshire Hathways,838,93,196,https://www.facebook.com/BHHSRealEstate/posts/pfbid0MTCDjMJC1dubYxcPy26MvRMdXBWnnT1KEhdMEyEcPxocAdbEaQZppz6vbHjiKweTl,"Happy Halloween from Berkshire Hathaway HomeServices! May your season be filled with ghostly delights, enchanting company, and an abundance of treats. 

And if you’re seeking a boo-tiful, bewitching home, contact your Forever Agent℠ today to find out how we can help with your real estate goals this spooky season.

Wishing you a #Halloween brimming with magic and laughter!

#HappyHalloween #BHHS #BHHSRealEstate",0.27,0.08,0.07,0.05,0.03,0.27,0.61,obj2,0.190455421805381,1127
2023-10-25T16:00:37.000Z,,Berkshire Hathways,412,19,207,https://www.facebook.com/BHHSRealEstate/posts/pfbid02ymCdhcM36ikcvKf7jsTtX8kEkUbTAxvwgaQEgTj56j9YeLEiFQm8SDkRojbbDLpkl,"As the seasons change, it's essential to prepare your landscaping for the upcoming fall and winter months. For 6 expert tips to help you keep your outdoor space attractive and protected, check out this latest #GTK post.

https://www.bhhs.com/blog/blog-detail/2023/09/preparing-your-outdoor-spaces-for-fall-and-winter.html

Questions? Get in touch with Your Forever Agent® today.",0.45,0.12,0.09,0.09,0.02,0.45,0.71,obj3,0.183447316288948,638
2023-10-23T15:56:37.000Z,,Berkshire Hathways,342,18,61,https://www.facebook.com/BHHSRealEstate/posts/pfbid0qPsZzBCkrh99MfQAZhrftvYk1Py6M84Bg2y6xMq8ps5yaQRKaqzhscpMGwfDWrjtl,"In today’s world, proximity to private airports is gaining importance for luxury buyers. A 2023 Berkshire Hathaway HomeServices survey reveals its impact on property value, influenced by location and advancements in noise and pollution control.
 
Explore more about how private aviation infrastructure is enticing high-end buyers in the Berkshire Hathaway HomeServices Global Luxury Landscape Report—read now at bhhsluxury.com.",0.81,0.01,0.01,0.01,0,0.81,0.78,obj1,0.158256649971008,421
2023-11-13T18:04:09.000Z,,Walmart,3736,1886,1052,https://www.facebook.com/walmart/posts/pfbid0uA5Gq7ATjhy8ZQFedo8YEPExWzaKRws1GaA2u7bk76gJMMqm1bZiqNQ6YkAWvUZjl,*frantically adds every scent to cart*,0.49,0.12,0.04,0.03,0.02,0.49,0.8,obj1,0.187242954969406,6674
2023-10-19T16:01:53.000Z,,Berkshire Hathways,513,28,24,https://www.facebook.com/BHHSRealEstate/posts/pfbid08fz6dquoAcktcjBzQPoCE1kyAZEDAgKvxvXZ14sFdGYHYXbPdmqSwpAfkzSEQatBl,"After Giovanna Canela of Berkshire Hathaway HomeServices Colonial Homes San Miguel visited Berkshire Hathaway HomeServices Chicago over the summer, Mario Beltran-Rodriguez from Berkshire Hathaway HomeServices Chicago recently made the parallel journey to San Miguel de Allende, taking the opportunity to catch up with Giovanna during his stay. We’re all for these reciprocal visits!",0.95,0.01,0.01,0.01,0,0.95,0.22,obj,0.19246420264244,565
2023-10-11T16:00:06.000Z,,Berkshire Hathways,611,54,45,https://www.facebook.com/BHHSRealEstate/posts/pfbid0vkFKvAAFHGbAhuPf6u4FfSaqtVufFVWbdFg3JYZqRKJh7EFFpGQrGMxvyDjTeKNhl,"We love to see some well-deserved recognition for our network professionals! Congratulations to Debbie McCabe, Regional Vice President of the Main Line and Center City offices of Berkshire Hathaway HomeServices Fox & Roach, Realtors (far left in photo), who has been named one of this year’s Power Women by Main Line Today.

Way to go, Debbie! 

#BHHS #BHHSRealEstate #ForeverBrand #FoxAndRoach",0.32,0.3,0.12,0.04,0.02,0.32,0.73,obj2,0.227381944656372,710
2023-10-09T15:59:38.000Z,,Berkshire Hathways,394,29,40,https://www.facebook.com/BHHSRealEstate/posts/pfbid02na4CsiZZ2k6YuVyhwqRnWRm4YZe4qrJTRn2sMiF9Zv2JfBTEqhR1TYo3Xamf9ga4l,"Huge congratulations to Berkshire Hathaway HomeServices New England Properties for their well-deserved recognition as a Top Workplace by the Hartford Courant (ranked #2) and Hearst Media Group (ranked #1)!  

Their dedication and commitment continue to pay off—this is the 12th year in a row they have been named a #TopWorkplace and we are proud of their ongoing success!

 #BHHS #BHHSRealEstate #ForEveryone #ForeverBrand #RealEstate",0.95,0.01,0.01,0.01,0,0.95,0.84,obj1,0.172378331422805,463
2023-10-06T16:12:25.000Z,,Berkshire Hathways,276,27,13,https://www.facebook.com/BHHSRealEstate/posts/pfbid02XZYQYFZzzpds8FiVfwcDWmJ59fLgxz4Sn6hVf2oD92PDgNy8PuJrMec6xtu2AiKsl,"We’re thrilled to see so many #BHHS network agents make the 2023 list of top producers compiled by AREAA - Asian Real Estate Association of America. 

Bravo to all—your exceptional efforts and expertise continue to elevate our real estate community! 

#BHHS #BHHSRealEstate #ForEveryone #ForeverBrand #AREAA",0.72,0.14,0.02,0.01,0,0.72,0.79,obj2,0.15038888156414,316
2023-02-14T05:30:02.000Z,,Microsoft,18,5,1,https://www.facebook.com/MicrosoftIndia/posts/pfbid02PJYgzawb1TvmsqCtXSUG1X1n158qqjkwuqAnZxtNvCCo2AxcC9bgDZ3pd72e7po1l,"Connect with business experts, mentors, and technical advisors from our curated network to help your business progress to the next stage. Sign up for Microsoft for #Startups #FoundersHub today! shorturl.at/bmBW8",0.94,0.01,0.01,0.01,0,0.94,0.62,obj1,0.185411304235458,24
2023-10-04T16:00:03.000Z,,Berkshire Hathways,200,16,8,https://www.facebook.com/BHHSRealEstate/posts/pfbid02r6PVY9JyrKBVH6NVkPnvYL5zy5pQKBdJVRtzcb9t216KLpF8Sv8EzULzU66S21Aml,"Congratulations to all the Berkshire Hathaway HomeServices network agents who made the 2023 LGBTQ+ Real Estate Top Producers list! It’s always inspiring to see the hard work and dedication of our #ForeverAgents recognized by the industry. Keep up the amazing work! ‍

#BHHS #BHHSRealEstate #ForEveryone #ForeverBrand",0.66,0.01,0.01,0.01,0,0.66,0.92,obj1,0.139248356223106,224
2023-02-09T08:32:11.000Z,,Microsoft,18,0,2,https://www.facebook.com/MicrosoftIndia/posts/pfbid0wCMCQbYPAPpF39crgxad2kkJRUzKhMAcaBsB7amL5s3n3tPBSTCHujuG4CxnKxHZl,Access a network of world-class mentors to get the expert guidance you need at any stage of your business journey. Join fellow founders who are doing more with less with Microsoft for #Startups #FoundersHub. Sign up today! shorturl.at/fhoEP,0.85,0.01,0.01,0.01,0,0.85,0.45,obj1,0.185411304235458,20
2023-09-29T15:58:00.000Z,,Berkshire Hathways,165,9,4,https://www.facebook.com/BHHSRealEstate/posts/pfbid025PXEzQPnVz3UBBpvWaEdfeUTkgSHBQPUeScT65aC3B4U5kpvUKyhTj768LvGWNVfl,"The annual Community Kindness initiative, organized by Berkshire Hathaway HomeServices Chicago and spanning its 22 offices, has just concluded for the year. Real estate professionals and staff have been busy volunteering their time and services for various charitable causes, including packing food for Northern Illinois Food Bank, creating “Glam Boxes'' for cancer patients, and baking cookies for hospitalized children. 

Kudos to everyone involved—from the meticulous planners and generous donors to the passionate volunteers who made these events possible. You've truly outdone yourselves! 

#BHHS #BHHSRealEstate #ForEveryone #BHHSChicago",0.14,0.12,0.06,0.05,0.04,0.14,0.31,obj4,0.204885467886924,178
2023-09-28T15:59:23.000Z,,Berkshire Hathways,323,16,16,https://www.facebook.com/BHHSRealEstate/posts/pfbid021i8DZA14dB6PZnzt4TeCFK7KUPqcAKzzdZLjmbE5PJRZzhM2xsJHpMecDG7rjmVfl,"The newest member of the Global Marketing team, Preston Kim, was one of the volunteers who accompanied The Sunshine Kids Foundation on their recent trip to Disneyland. Here he is pictured with new friend and fellow corn dog enthusiast Gavin.
 
A big thank you to Preston and the dedicated volunteers from Berkshire Hathaway HomeServices Global HQ for making this magical day out possible for the kids!
 

#SSK #BHHS #SunshineKids #ChildhoodCancerAwarenessMonth",0.32,0.02,0.02,0.02,0.02,0.32,0.66,obj1,0.186529472470283,355
2023-02-03T06:00:02.000Z,,Microsoft,24,2,0,https://www.facebook.com/MicrosoftIndia/posts/pfbid0P1HwynbMkjJWdPLEfmmRpHQri9V255V7AykhJAU1Fza6gAfKm4BjquDJDh8r1Th7l,"Explore how Microsoft for #Startups #FoundersHub can help improve your business productivity, accelerate development, and enable you to solve challenges at every stage of your startup journey. Sign up today to do more with less with the #Microsoft Cloud. shorturl.at/iyDW7",0.84,0.01,0.01,0.01,0,0.84,0.48,obj3,0.168653205037117,26
2023-02-02T04:49:31.000Z,,Microsoft,15,1,1,https://www.facebook.com/MicrosoftIndia/posts/pfbid023LheVuEzS9Y3Fd13pwdAkbohrJ1cTDmCpzNbGBSof7Rk7rhyG26HSvSKwQvRiYfql,,0.58,0.02,0.02,0.01,0.01,0.58,0.97,obj1,0.174562573432922,17
2023-02-01T06:00:02.000Z,,Microsoft,15,3,0,https://www.facebook.com/MicrosoftIndia/posts/pfbid02snTbJ94bXSqV8MAQDNKz597xTMkWCQtSv6LbSg5wwFJyCwW2Bmz2yWNzpAHwyyJNl,"Several startups across India are accelerating their innovation with the Microsoft for Startups Founders Hub. Sign up today, and access a range of benefits to accelerate your business by doing more with less with the #MicrosoftCloud. shorturl.at/iyDW7",0.84,0.02,0.01,0.01,0,0.84,0.2,obj1,0.165818780660629,18
2023-09-27T16:14:27.000Z,,Berkshire Hathways,872,122,42,https://www.facebook.com/BHHSRealEstate/posts/pfbid0fzFx4Quct8r5HhqkrBxZMUpDohWS5qysfbDANCgvsaEh67Tcu6Y55yrMaThR5tGWl,"Congratulations to Berkshire Hathaway HomeServices Beazley, Realtors on the opening of their new office in Aiken, SC! ✨

Located in Aiken’s historic downtown district, the brokerage is steeped in history, dating back to pre-1917, and still exudes that timeless character.

We're thrilled for Pam Kramer, the broker-in-charge, and her incredible team as they expand their top-tier real estate services in the Central Savannah River Area.",0.28,0.18,0.08,0.05,0.01,0.28,0.56,obj4,0.212010949850082,1036
2023-01-31T11:41:12.000Z,,Microsoft,17,1,1,https://www.facebook.com/MicrosoftIndia/posts/pfbid02ddCWc5TQBkyYk5u4r6naDC5MBMGXdK3gDEUSC4w4121bNZ4rZqu81kx5K3qa6YQ4l,,0.96,0.01,0.01,0.01,0,0.96,0.98,obj1,0.156558245420455,19
2023-01-30T12:00:04.000Z,,Microsoft,20,2,0,https://www.facebook.com/MicrosoftIndia/posts/pfbid08roCy9Gav8xSK9BDvyuZ4WE3QSRRDu4mzgfAEc2vbE3XZofQsh6tk6uMbRn3RhGTl,"Explore how Microsoft for #Startups #FoundersHub brings people, knowledge, and benefits together to help you solve challenges at every stage of your business. Sign up today to get up to $150k in Azure credits, tech mentorship, and more.​ shorturl.at/iyDW7",0.5,0.09,0.02,0.01,0.01,0.5,0.51,obj1,0.150505721569061,22
2023-01-17T06:34:29.000Z,,Microsoft,16,1,1,https://www.facebook.com/MicrosoftIndia/posts/pfbid0kJMEgXFWrCT4CYGBHF2qimr21zQZpNzEyNa5pXAwFNHJDau38ni7Lt1ZmXhgBnPyl,,0.5,0.09,0.02,0.01,0.01,0.5,0.51,obj1,0.167226865887641,18
2023-09-21T15:30:48.000Z,,Berkshire Hathways,1983,258,210,https://www.facebook.com/BHHSRealEstate/posts/pfbid02CG8znuY5CzBn668nrUujvxN2yQCsv9yrj7ajcsx4CDziiq1vv2djfCqWQoVmCoKLl,"We are pleased to announce that Berkshire Hathaway HomeServices has further expanded in Italy with the launch of Berkshire Hathaway HomeServices Como Lake Palazzo Estate, Berkshire Hathaway HomeServices Tuscany Coast, and Berkshire Hathaway HomeServices Milano.
 
All 3 offices will be led by industry leader Marina Rizzotto Yakovleva. We are very much looking forward to Marina and her team continuing their exemplary service as part of the Forever Brand.",0.47,0.05,0.04,0.03,0.03,0.47,0.4,obj2,0.198326081037521,2451
2023-01-06T15:26:06.000Z,,Microsoft,604,5,15,https://www.facebook.com/MicrosoftIndia/posts/pfbid05PjyE2oVnh9oYVfTiaxug71XqKfpnroQ5L8d5Nq8bFbz7i9MyaYNADbcLQWgiNgwl,"Thank you, Satya Nadella. We couldn't have asked for a better start to 2023.",0.29,0.06,0.05,0.02,0.02,0.29,0.13,obj2,0.162280559539794,624
2023-01-05T13:51:27.000Z,,Microsoft,41,2,0,https://www.facebook.com/MicrosoftIndia/posts/pfbid0qyjAf1AteitbUfGp1WpF1zsHvJXZhv5STFTpjBgTa7covxDHJqnscce2mtpfUztrl,Here are a few organizations across industries who are innovating and doing more with less with #MicrosoftAzure. #FutureReady,0.48,0.42,0.01,0.01,0,0.48,0.22,obj2,0.155273452401161,43
2023-01-05T11:02:06.000Z,,Microsoft,107,2,5,https://www.facebook.com/MicrosoftIndia/posts/pfbid0VfExp1ptcbXfVdATQLMxNdkFz5uEFd8HN721Sorp94f7Djhwx8mhWKymrfqNBQTLl,"Celebrating the #FutureReady #ChampionsOfCode who continue to learn, build and explore new ways of doing more with less with the #MicrosoftCloud.",0.11,0.11,0.08,0.07,0.04,0.11,0.26,obj3,0.148953467607498,114
2023-01-05T07:05:16.000Z,,Microsoft,600,9,26,https://www.facebook.com/MicrosoftIndia/posts/pfbid05xWE4qDtJFA9bsXGVXWq3J527NxHAGXfQNKM8bQLVWq73ZxDacUyZZ3C3z7AaE8sl,"We’re collaborating with ISRO - Indian Space Research Organisation to fuel the growth of space-tech startups in India. Through this tie-up, the space-tech startups identified by ISRO will be onboarded onto the Microsoft for Startups Founders Hub platform, that supports startups at every stage of their journey-from idea to unicorn. https://news.microsoft.com/en-in/isro-and-microsoft-collaborate-to-support-space-tech-startups-in-india/",0.25,0.11,0.07,0.04,0.04,0.25,0.86,obj4,0.188243508338928,635
2023-11-02T20:05:35.000Z,,Walmart,1535,1056,892,https://www.facebook.com/walmart/posts/pfbid0FGz68bmQxjPTMJoq1aWgsjeygrumuuwoPA3oHYknmsxBA7vsHhMgMktTbzZfnZqal,"Are you ready for the #BlackFridayDeals?!    Swipe through to learn about our #BlackFriday updates this year, because we’re giving you even more chances to save on tech, home, fashion & more.",0.59,0.01,0.01,0.01,0.01,0.59,0.08,obj1,0.196455717086792,3483
2023-01-05T04:15:12.000Z,,Microsoft,21,2,0,https://www.facebook.com/MicrosoftIndia/posts/pfbid04NmWWbFCU1V2a9cC3sRB5JooSvG2qTWz7ouuGXxk9czC4S32BgvUHDqKzQFeYTHEl,"We're live from the #Microsoft #FutureReady Technology Summit #Bengaluru. Catch all the action, here https://aka.ms/FutureReadyTechnologySummit-YT",0.11,0.08,0.03,0.02,0.02,0.11,0.08,obj2,0.0914203971624374,23
2023-01-04T10:32:36.000Z,,Microsoft,21,0,0,https://www.facebook.com/MicrosoftIndia/posts/pfbid02cDHr4qmL4uxMhS8TZCmLzmgwvVSgbEj8ARAYEBQTVRof8DsPY45NWicM8XLb5HKDl,"We are collaborating with the National Institute of Electronics and Information Technology (NIELIT) to increase access to #FutureReady skills for cybersecurity jobs. Aiming primarily at underserved youth, women and jobseekers from remote areas, Microsoft will deploy CyberShikshaa and Ready4Cybersecurity programs in 30 training centers of NIELIT to bridge the cybersecurity skills gap in Tier 2 and Tier 3 towns of India. https://news.microsoft.com/en-in/nielit-and-microsoft-collaborate-to-train-youth-in-cybersecurity-skills-for-jobs/",0.22,0.08,0.07,0.04,0.03,0.22,0.44,obj5,0.194344222545623,21
2023-01-04T03:45:13.000Z,,Microsoft,8,1,0,https://www.facebook.com/MicrosoftIndia/posts/pfbid02tEtSVx4xMNT15Jv7ss9JnpJNoTWq7induhCmd3xMcgC9YKtfDe8JxYLw3Vs62hFcl,"From supporting inclusive economic growth and advancing fundamental rights, to creating a sustainable future and earning trust, here's a glimpse of how we're bringing our mission and purpose to life in India. https://news.microsoft.com/en-in/microsoft-launches-the-fy22-india-impact-summary/",0.3,0.07,0.05,0.03,0.03,0.3,0.69,obj5,0.160541146993637,9
2023-01-03T08:27:00.000Z,,Microsoft,69,2,1,https://www.facebook.com/MicrosoftIndia/posts/pfbid02SecYEj76inXAjeH1rQEtxeRR8YYg6WHAsEujLx6BmkTHwXRLbQQLGZv16JzJMrtdl,"We're delighted to partner with HDFC Bank in its #FutureReady digital transformation journey on the #MicrosoftCloud and build best-in-class, secure, and compliant products and services. https://news.microsoft.com/en-in/hdfc-bank-partners-with-microsoft-as-part-of-its-digital-transformation-journey/",0.29,0.28,0.01,0.01,0.01,0.29,0.68,obj1,0.173394113779068,72
2023-01-03T07:38:24.000Z,,Microsoft,24,1,4,https://www.facebook.com/MicrosoftIndia/posts/pfbid0uGWxyq44g4RDV4PM4fAvqStFuDv6kZfvbW9DPMMY9nKyfgnemgE14PWiHebjUWcNl,"Meet Manjusha, the daughter of a temple worker in Kannur, and now a #Cybersecurity professional. She's one of the 1,100 women engineers who graduated from CyberShikshaa in partnership with Data Security Council of India, Tata STRIVE and ICT Academy. https://news.microsoft.com/en-in/features/how-cybershikshaa-is-ushering-in-gender-diversity-in-indias-cybersecurity-sector/",0.29,0.13,0.07,0.05,0.04,0.29,0.58,obj1,0.110143564641475,29
2023-01-02T10:55:09.000Z,,Microsoft,12,0,2,https://www.facebook.com/MicrosoftIndia/posts/pfbid02JbJXnGxNPTZgcFzHKjAZyfAwHwmwgEtLoDuw6zBsENfxFuDWL5WFVE4kjrXPq7uul,"Celebrating over 100,000 developers and technology enthusiasts who participated in the #FutureReady #ChampionsOfCode to earn global #MicrosoftCloud certifications, alongside hacking their way to solutions that’ll accelerate India’s inclusive growth. The winning teams in the hackathon represent Tata Consultancy Services, Wipro and Indus Net Technologies. Read more https://news.microsoft.com/en-in/microsoft-celebrates-future-ready-champions-of-code-with-over-100k-developers-and-technology-enthusiasts/",0.68,0.04,0.03,0.03,0.03,0.68,0.76,obj5,0.188397943973541,14
2023-09-12T15:58:38.000Z,,Berkshire Hathways,109,9,18,https://www.facebook.com/BHHSRealEstate/posts/pfbid0zdz4jqZJP7kWxBBWHNYtxswziEoeyhQsj6XqsnWyiZZLNye5eHvCk7ZbmaD7EHhGl,"With September being Childhood Cancer Awareness Month, we're taking a moment to celebrate The Sunshine Kids Foundation, our dedicated charitable beneficiary. Their unwavering support for children and their families battling cancer fills our hearts with hope. ♥ Join us in cherishing these moments of happiness and resilience—and please take a pause to honor the brave kids who have lost their battles.

The Sunshine Kids and Berkshire Hathaway HomeServices look forward to the day when the foundation will no longer need to exist. But until that day, we remain dedicated to bringing joy and support to kids with cancer. 

Here's a glimpse of our incredible journey with The Sunshine Kids—together, we look forward to many more rays of hope in the future! 

#BHHS #BHHSRealEstate #SunshineKids #ChildhoodCancerAwarenessMonth",0.58,0.03,0.01,0.01,0,0.58,0.62,obj1,0.166956469416618,136
2022-12-22T08:30:02.000Z,,Microsoft,18,1,1,https://www.facebook.com/MicrosoftIndia/posts/pfbid02tvRSWYvUG1bTdyhFvaKoj9qC8kuToKXomVpfBe6WDDwba8PaKRaDdPH5pewW8WD5l,"Discover how Microsoft for #Startups #FoundersHub brings people, knowledge, and benefits together to help you solve challenges at every stage of your business. Sign up today: shorturl.at/alpJ7",0.82,0.01,0.01,0.01,0,0.82,0.33,obj1,0.167356893420219,20
2023-09-11T16:00:01.000Z,,Berkshire Hathways,61,1,19,https://www.facebook.com/BHHSRealEstate/posts/pfbid02Fn2vVHdJUMjn3Qg8qs3dqXsU7wsLd3ieNgMfX8zW8qyTKqZ9sxxcjGMZxNj1T2N1l,"On this Patriot Day, we pay tribute to the brave individuals who have defended our freedom and served our nation with unwavering dedication. ️ Together, let’s stand united in gratitude and respect.

#PatriotDay",0.09,0.08,0.08,0.05,0.04,0.09,0.16,obj5,0.136172294616699,81
2022-12-21T07:00:02.000Z,,Microsoft,11,0,1,https://www.facebook.com/MicrosoftIndia/posts/pfbid02Ljarr9UziHsmAF22YynhWfzFkcmncKxJyzXFgRqGzGGZDti86DyneMjCsMScVpR5l,Get expert guidance from business leaders and technical experts. Solve your startup challenges and reap the benefits. Sign Up for Microsoft for Startups Founders Hub today. shorturl.at/dnpM2,0.92,0.01,0.01,0.01,0.01,0.92,0.2,obj5,0.171384215354919,12
2022-12-20T05:14:47.000Z,,Microsoft,20,0,1,https://www.facebook.com/MicrosoftIndia/posts/pfbid02vbHqd5jTtEJCr3DDRYAhonteRb8vuqspxFJ1cJEDchedcpzo9oan28hod41YB2ZPl,Get free access to powerful development and productivity tools to build your business. Do more with less with Microsoft for #Startups #FoundersHub. Sign up in minutes: shorturl.at/dnpM2,0.92,0.02,0.01,0.01,0,0.92,0.6,obj1,0.160628095269203,21
2023-09-07T16:01:58.000Z,,Berkshire Hathways,986,178,95,https://www.facebook.com/BHHSRealEstate/posts/pfbid02YqNLkVQkR2yXUSvNLp53gpvYATwRdHXYFiQXNKsJWgEqggHSFozY1UxgyjNAjEUkl,"Kudos to Paul Antonas, broker at Berkshire Hathaway HomeServices Bahamas Real Estate, for representing the buyer in the negotiation and purchase of a magnificent USD$37.5 million home on Paradise Island—the highest sale recorded on the isle. 

For more information on the property and the Bahamas property market, check out the latest blog post on the Luxury Collection website: https://www.bhhs.com/luxury-collection/blog/the-bahamas--paradise-island-records-highest-ever-home-sale

#BHHS #BHHSRealEstate #ParadiseIsland #BahamasRealEstate",0.52,0.05,0.04,0.02,0.02,0.52,0.82,obj1,0.209412828087806,1259
2022-12-14T09:00:02.000Z,,Microsoft,20,0,3,https://www.facebook.com/MicrosoftIndia/posts/pfbid02ZKettytNrxLK3hGhuiPkNGa6L6uuvULywo9rjTM8DJzgBgZ8SCgqS4gZh7kDwsrCl,"Get access to technology leaders as mentors, and Microsoft tools and platforms that will enable your business to accelerate. Sign up for Microsoft for #Startups #FoundersHub program today. shorturl.at/dnpM2",0.83,0.01,0.01,0.01,0,0.83,0.48,obj1,0.154631406068801,23
2023-09-05T16:08:45.000Z,,Berkshire Hathways,903,135,45,https://www.facebook.com/BHHSRealEstate/posts/pfbid0a8ixvKSJajdbmEhK5VgaL4DLMCoAEXh8fKuLeDrFskrK17VVMoKiGSNWv6Lj64Rql,"It’s time for another grand opening—this time in Oshkosh, Wisconsin!  Berkshire Hathaway HomeServices Water City Realty will be led by Managing Partner, Patty Wohlt, a lifetime resident of the city. 

We wish Patty and her team all the best as they embark on a journey filled with success, community, and helping countless people find their dream home.",0.26,0.15,0.03,0.02,0.02,0.26,0.42,obj2,0.209192425012588,1083
2023-09-04T16:00:06.000Z,,Berkshire Hathways,106,12,40,https://www.facebook.com/BHHSRealEstate/posts/pfbid026qcYKDu9WCRmvxUHD8kKNwf94JLYFq2NsLkJq9L7Tyixxfs1vYs5hkbuc9gdVVv5l,"Happy Labor Day! ✨ Today, we celebrate the hard work and dedication of workers everywhere. Thank you for all that you do! #LaborDay",0.08,0.08,0.06,0.03,0.03,0.08,0.15,obj3,0.113231681287288,158
2022-11-30T06:54:44.000Z,,Microsoft,26,1,5,https://www.facebook.com/MicrosoftIndia/posts/pfbid0fHQzKrH1WbjggLyTwLQk8Li9foGU5Fno5nx8L6iHrJiYmXXznDkvP8pVr8xHRDSel,"Do it all, all at the same time. #SurfaceLaptop5 is made for multitasking across multiple tabs and apps, with powerful #12thGen Intel® Core™ i5/i7 processors built on the Intel® Evo™ platform delivering superior performance where you need it most. Order now. 
Amazon: aka.ms/surfaceamzn
Vijay Sales: aka.ms/surfacevijaysales
Reliance Digital: aka.ms/surfacerd",0.4,0.14,0.03,0.03,0.03,0.4,0.15,obj5,0.152454659342765,32
2022-11-23T06:24:22.000Z,,Microsoft,13,0,2,https://www.facebook.com/MicrosoftIndia/posts/pfbid0wx2r6Ro8foW7gcPxnSSX9VM2JLhBtdyX2mA4fR5qUC97sKiBScHTQWGAR3zF3Sy6l,"Your business is ready to grow. Are you?
Join us at Modern Work Café, where we discuss possibilities, and help your business grow faster.
 
One day to go, register now: https://aka.ms/modernworkcafe24nov",0.87,0.06,0.01,0.01,0,0.87,0.76,obj1,0.160884842276573,15
2023-08-31T16:03:09.000Z,,Berkshire Hathways,519,40,23,https://www.facebook.com/BHHSRealEstate/posts/pfbid02NiURZMTuMfCB9U9xCx8jBPkxhDsYbDVFyTaPon5wukG29rcAP36YpwfxEJddZ7qhl,"Join us in congratulating Berkshire Hathaway HomeServices Koehler Realty on the opening of their new office located in Maumee, OH along with their expansion into the Maumee/Toledo market.

A big round of applause to broker James C. Koehler II, sales manager Shannon Roof, and the rest of the team involved in this exciting development!",0.96,0.02,0.01,0.01,0,0.96,0.55,obj1,0.169388905167579,582
2023-08-30T16:08:30.000Z,,Berkshire Hathways,403,21,294,https://www.facebook.com/BHHSRealEstate/posts/pfbid02LBawgmM2hWKph7x424wjuajBMeUpkqM8r4cAVdcEmL5HsBe4abmtMvG3U5dmnDVDl,"Selling your home is easy—if you have the right agent. ✨ With these 5 expert tips, we'll help make your property sale as smooth as a breeze. Any questions? Don't hesitate to contact your dedicated Forever Agent℠ today.

#RealEstateTips #HomeSelling #Property #BHHS #BHHSRealEstate #ForeverBrand",0.89,0.04,0.01,0.01,0,0.89,0.75,obj1,0.159317389130592,718
2023-10-19T00:03:35.000Z,,Walmart,8212,1890,327,https://www.facebook.com/walmart/posts/pfbid0hMDZpwag6KwHUHSo9VpX8noruAuL5NzAxYEepLs516K5B1MPkyPanwuJd4Z5Ui7fl,Activating our coziest selves in 3...2...1 ☕️,0.47,0.09,0.06,0.06,0.02,0.47,0.72,obj3,0.215243503451347,10429
2023-08-25T20:49:16.000Z,,Berkshire Hathways,209,22,21,https://www.facebook.com/BHHSRealEstate/posts/pfbid02663CaMm55v6K8br52jhesK4EnsmuCWSFe4qvFQCccUqVRHAfJQZP9z5vCvnqo4Rjl,,0.28,0.11,0.08,0.03,0.02,0.28,0.23,obj1,0.162238374352455,252
2023-08-24T16:04:31.000Z,,Berkshire Hathways,134,11,9,https://www.facebook.com/BHHSRealEstate/posts/pfbid036JGbR52mUEFQCwWzD6E3oJtbaJ275VFXV9qhdc1RS9DRSWpJAmRA2n3vWK5ma9WQl,"Hats off to Belinda Wiseman, Realtor of Berkshire Hathaway HomeServices Laffey International Realty for an impressive achievement—securing not one, but the TOP 3 priciest home sales in Woodbury, NY for July. Leading the pack was this beautiful 5-bed colonial that sold for $1.775 million. Way to go Belinda!",0.24,0.04,0.03,0.03,0.03,0.24,0.63,obj1,0.160249903798103,154
2023-08-23T16:01:29.000Z,,Berkshire Hathways,573,135,31,https://www.facebook.com/BHHSRealEstate/posts/pfbid0nHTUA8jyMFvxeiGa3QjSBZPH1i61B5R5nkDcLFRibRzrUWc42a2MPcNjd6VvPE7fl,"We’re happy to share that Ojai, CA is now home to its very own Berkshire Hathaway HomeServices network office! Congratulations to Lyle Elliot, Kyle Kemp, and the team from Berkshire Hathaway HomeServices California Properties whose dedication and hard work have made this exciting venture a reality.

We wish you all the success for the future!",0.3,0.29,0.04,0.02,0.02,0.3,0.33,obj5,0.137444242835044,739
2023-08-22T16:20:03.000Z,,Berkshire Hathways,570,47,78,https://www.facebook.com/BHHSRealEstate/posts/pfbid02KF6BfdjVSaz2najdfLz4kHknxDmpvxaXJHGBPeAaX1CgmXpZNMBhD45VSPqzz4Ntl,,0.63,0.31,0.01,0.01,0,0.63,0.97,obj2,0.161345198750495,695
2022-11-16T06:01:04.000Z,,Microsoft,19,1,2,https://www.facebook.com/MicrosoftIndia/posts/pfbid02NYyMFioWb3borEvx4pbHLMM9kgsZ4m8U4UbcqdCDVPeEF8u12sVvNPKeExRPTd9Rl,"Get Multitasking speed 12th Gen Intel® Core™ processors built on the Intel® Evo™ platform. Long lasting battery, your choice of size in a sleek and vibrant PixelSense™ touchscreen laptop design. #SurfaceLaptop5 is now available for pre-order: https://news.microsoft.com/en-in/microsoft-introduces-new-surface-devices-that-take-the-windows-pc-into-the-next-era-of-computing/ 

Intel Amazon India Reliance Digital Croma Vijay Sales",0.39,0.19,0.16,0.04,0.03,0.39,0.24,obj2,0.128859564661979,22
2022-11-16T05:57:54.000Z,,Microsoft,16,1,1,https://www.facebook.com/MicrosoftIndia/posts/pfbid03EUf9a7zwvsMPrXEEnHg77EiM11QU3fvxotyCst4WkvB5sjdkH1BHSGub4fDgeDgl,"Make #SurfacePro9 your own with a choice of vibrant colors - including new Sapphire and Forest. Built on Intel® Evo™ platform* with 12th Gen Intel Core processors, #SurfacePro9 gives you the tablet flexibility and battery life* you need to move through your day. Pre-order now: https://news.microsoft.com/en-in/microsoft-introduces-new-surface-devices-that-take-the-windows-pc-into-the-next-era-of-computing/ 

Intel Amazon India Reliance Digital Croma Vijay Sales",0.48,0.24,0.05,0.03,0.02,0.48,0.45,obj4,0.138848900794982,18
2023-10-11T22:29:30.000Z,,Walmart,1623,739,58,https://www.facebook.com/walmart/posts/pfbid02ztHnRAXcZt39NbZaU1JDMchgh8WcfPcTDXJfw7vHB7R4ctximS74r13gKZuPFeVjl,That feeling when you get everything on your Christmas list thanks to October Deals so now you can just sit back and enjoy the season,0.6,0.06,0.06,0.03,0.01,0.6,0.21,obj4,0.222355365753173,2420
2023-08-16T16:00:00.000Z,,Berkshire Hathways,363,41,38,https://www.facebook.com/BHHSRealEstate/posts/pfbid037APz86TKbJuM3efPPgmZVn1zkJ4GKr8Q9NAQVh9EX4HgxLu1nmo3tbSXkk6N35L3l,"We are thrilled to share that Pacific & Orient Properties has named Berkshire Hathaway HomeServices EWM Realty as the exclusive sales team for 7918 West Drive, a 21-story waterfront condominium building in Miami’s North Bay Village. Due for completion in early 2025, the development will feature 54 luxury residences that will enjoy unobstructed views of Biscayne Bay.

Berkshire Hathaway HomeServices EWM Realty’s Mirna Zárate, Zenaida Figueroa, and Gasper Mavric make up the team of agents representing the property. You can follow the progress at 7918WestDrive.

We hope you enjoy these amazing renderings of what’s to come!",0.47,0.3,0.05,0.02,0.01,0.47,0.21,obj1,0.198729023337364,442
2023-08-14T16:01:56.000Z,,Berkshire Hathways,754,81,38,https://www.facebook.com/BHHSRealEstate/posts/pfbid0ERjNVCP4GMx9bJuLJvwuck5kd3Mcvzz4PooKD1czXR9FsQxxwM6QAcLzNZtxSaVWl,"The team at Berkshire Hathaway HomeServices Premier Properties in Fargo, ND recently held a successful golf tournament fundraiser for The Sunshine Kids Foundation. The total money raised is still being tallied, but they predict it will be one of their best years yet—a fore-midable achievement! ⛳‍♀️‍♂️

#BHHSRealEstate #ForeverBrand #BHHS #SunshineKids #FargoRealEstate",0.08,0.07,0.06,0.06,0.06,0.08,0.41,obj1,0.20079718530178,873
2022-11-15T06:53:13.000Z,,Microsoft,15,3,1,https://www.facebook.com/MicrosoftIndia/posts/5848946508490429,"Meet the #Surface Pro 9 and the Surface Laptop 5. Now available for pre-order in India.

Amazon India Reliance Digital Croma Vijay Sales",0.41,0.1,0.09,0.04,0.04,0.41,0.91,obj2,0.139312475919723,19
2023-08-09T16:08:23.000Z,,Berkshire Hathways,410,21,17,https://www.facebook.com/BHHSRealEstate/posts/pfbid032G86gYsy3ZfAjf2NTnxnVB1zE8B6P8UZN4sGQ6hFUYsTKc9vMd1Y27GzqhBACijdl,"A big round of applause to the agents from Berkshire Hathaway HomeServices Warren Residential who have been recognized in the 2023 Boston Agents’ Choice Awards. And a special congratulations to Zack Harwood and Carol Korbman for topping their categories! 

 
#BHHSRealEstate #ForeverBrand #BHHS #BostonRealEstate",0.96,0.01,0.01,0,0,0.96,0.67,obj1,0.166739210486412,448
2022-07-06T09:13:13.000Z,,Microsoft,92,6,4,https://www.facebook.com/MicrosoftIndia/posts/pfbid02PXm8K7GKLeNZDEsu3WHgrMAo7UQydkhMnf41PnRH6RRSNCXJnoHEbU5cKv4G7Nwol,"A sleek, portable Surface Laptop with 12.4” touchscreen and great typing experience, now with improved HD camera, #Windows11, and a performance boost. Learn more: http://msft.it/6011ba49v #SurfaceLaptopGo2",0.54,0.35,0.02,0.01,0,0.54,0.68,obj1,0.150100782513618,102
2023-08-08T16:00:00.000Z,,Berkshire Hathways,86,1,13,https://www.facebook.com/BHHSRealEstate/posts/pfbid03ecWkMvC7r71SLXqBCHQVNVaodRYbpUgwJUjvestzCvJBYSDtDz9q1WWmP8KknBPl,"What a feat! Kudos is due for Berkshire Hathaway HomeServices Florida Network Realty for being ranked #2 in the Best Midsize Companies to Work for by Florida Trend.

This recognition exemplifies President Ann King and her team's commitment to cultivating an excellent company culture.",0.97,0.02,0.01,0.01,0,0.97,0.82,obj1,0.176596134901046,100
2022-01-09T08:27:05.000Z,,Microsoft,113,20,14,https://www.facebook.com/MicrosoftIndia/posts/pfbid0igKXXG4fN1GAzbdR2aijBoEHDGvWvZM3P4uk3vEBhoHBdZMeCfsXFaScDgpJ34Rsl,Less than 3 days to go! Have you registered for Microsoft Future Ready yet? https://aka.ms/MSFTFutureReadyFB,0.26,0.07,0.03,0.02,0.02,0.26,0.51,obj1,0.156646057963371,147
2023-10-03T16:06:27.000Z,,Walmart,2015,1908,127,https://www.facebook.com/walmart/posts/pfbid0SmvxvHw4WdHoMi3JuVuFvBPtL1w4DRqLKW34tHyXTtxn4i84nJ93d4FSohFXQBa8l,"We’ve got 1,989 reasons you should like this post.",0.96,0.01,0.01,0.01,0,0.96,1,obj1,0.211839184165,4050
2023-08-03T15:57:23.000Z,,Berkshire Hathways,367,9,262,https://www.facebook.com/BHHSRealEstate/posts/pfbid02Frwz9eEG66a5NhZzL4ZeUYu7gPRMUz6FNcGSuZ5T2vkCzhudavRVtZj3brjFrphil,"Looking for ways to revitalize your home at little cost or effort? Swipe for 5 simple home improvement tips with big results.

#BHHS #BHHSRealEstate #HomeImprovement #DIYHome #HomeDecor #HomeUpgrade",0.4,0.17,0.13,0.1,0.03,0.4,0.51,obj5,0.159325301647186,638
2023-08-01T15:59:50.000Z,,Berkshire Hathways,586,56,69,https://www.facebook.com/BHHSRealEstate/posts/pfbid0h5VU8zYEFFu8qRwPG94Ft4XgaevMwBVzAd8gq2kbsRdtwHvPFaLNGtAvG7Tixx5Vl,"Check out the latest issue of Real Estate magazine with CEO Christy Budnick and Chairman Gino Blefari adorning the cover! 

Inside, discover why they consider each Berkshire Hathaway HomeServices network agent a hero—and what it takes to be successful in today’s real estate market.

Just click the link below to read.

https://www.rismedia.com/?r3d=august-2023-real-estate-magazine#42",0.17,0.17,0.08,0.04,0.02,0.17,0.86,obj1,0.20712274312973,711
2021-12-13T13:59:56.000Z,,Microsoft,71,2,3,https://www.facebook.com/MicrosoftIndia/posts/pfbid0fMg2FkiDiamjMM5uA1rS4HxXHGGFgu9zqBQLaLMmMAACKBtFV4CcRN4jMHMhqn48l,"Unfolding the brand India story that’s rooted in the growth of #Startups, conceptualizing  India-first tech stacks and delivering on aggressive commitments to achieve our sustainability goals, Amitabh Kant is in conversation with Vikram Chandra on how India is leapfrogging with Technology. Tune into the conversation at Microsoft #FutureReady. https://aka.ms/MSFTFutureReadyFB",0.15,0.11,0.08,0.05,0.04,0.15,0.33,obj3,0.159516215324401,76
2023-07-27T16:04:04.000Z,,Berkshire Hathways,504,24,28,https://www.facebook.com/BHHSRealEstate/posts/pfbid0vkge1jYFA4p6HSZRTdaRzCe5T3gyFuZtQzuUtSnb7fstND4pXcppEhyhXcM376YEl,"Spain has been a busy vacation destination for Berkshire Hathaway HomeServices network members this Summer and it seems everyone who has visited has wanted to say hello to Bruno Rabassa, CEO of Berkshire Hathaway HomeServices Spain—and who can blame them! 

Swipe to see visitors from all across the global network.",0.07,0.05,0.04,0.03,0.02,0.07,0.21,obj3,0.203570574522018,556
2023-07-26T16:00:04.000Z,,Berkshire Hathways,81,14,5,https://www.facebook.com/BHHSRealEstate/posts/pfbid0n4u38pwtayfpc5ztBvmD6nmXNAocyRjnqbgssKm1HDByJXsp72C4YHBrQ7Xq9ZDJl,"Any HGTV lovers out there? ‍♀️‍♂️ Well you may have caught Joe Jennings Realtor of Berkshire Hathaway HomeServices Woodmont Realty on Episode 6 of Season 235(!) of House Hunters. 

Titled “Texans in Tennessee,” this episode will be part of the re-run rotation for the next two years—so plenty of time to catch it if you missed the original airing. 

Congratulations to Joe on a fantastic appearance!",0.98,0.01,0.01,0.01,0,0.98,0.7,obj2,0.257024049758911,100
2023-07-24T16:00:01.000Z,,Berkshire Hathways,249,19,12,https://www.facebook.com/BHHSRealEstate/posts/pfbid04DhmjmbuR2MbjVUSPkWz4Pz4x6FjZ1MebH8LzbUpjRvo5ksikcGmZE2rysG9r6U5l,We can’t get enough of these kinds of snaps—Berkshire Hathaway HomeServices network agents taking time out of their vacation to visit other companies from our global family! Here we have Lauren Ravitz Homes stopping by the Berkshire Hathaway HomeServices Cayman Islands office to say hello.,0.11,0.08,0.04,0.03,0.03,0.11,0.3,obj4,0.184863731265068,280
2023-07-20T16:34:16.000Z,,Berkshire Hathways,1069,178,165,https://www.facebook.com/BHHSRealEstate/posts/pfbid0KyaF3hDz1drKE23BCmtDa7G2QbquCCs1uwqnQEKjwTy397X4E3rCTqdnmhj6ym8ml,"Announcing our Sunshine Kids Benefit performer at Sales Convention 2024—one of the biggest stars on the planet—Christina Aguilera.

Christina Aguilera is a multiple Grammy Award-winning singer-songwriter renowned for her powerful voice and hit songs, with more than 75 million records sold worldwide throughout her career!

The Sunshine Kids Foundation",0.74,0.04,0.03,0.02,0.02,0.74,0.37,obj5,0.213967770338058,1412
2023-07-19T16:00:00.000Z,,Berkshire Hathways,117,8,16,https://www.facebook.com/BHHSRealEstate/posts/pfbid0ybvGCNTFnFikL19Dgqm3fUdXhw2RYfX78C814Q99S3ZxSVficbXWzmjQXV85P8Bjl,"Sunshine Kids, Berkshire Hathaway HomeServices’ national charitable benefactor, recently organized a trip to New York for its child heroes with the help of volunteers from Berkshire Hathaway HomeServices New Jersey Properties! 

Along with a visit to Times Square, the kids got to view the Statue of Liberty up close as well as witness incredible views atop SUMMIT One Vanderbilt.

Learn more about Sunshine Kids and how you can donate at sunshinekids.org.",0.31,0.2,0.09,0.03,0.01,0.31,0.25,obj4,0.205984741449356,141
2021-12-05T10:56:01.000Z,,Microsoft,61,2,7,https://www.facebook.com/MicrosoftIndia/photos/a.167251896659947/4812320902153000/,"Digital innovation can play a critical role in bridging barriers to communication, interaction, and information for Persons With Disabilities. Join us for the first ever #MSAsiaAccessibilitySummit, as we curate perspectives from world leaders and thinkers. http://msft.it/6189k4Tnx #MSFTA11Y",0.92,0.01,0.01,0.01,0,0.92,0.56,obj2,0.131335347890853,70
2023-07-17T16:00:00.000Z,,Berkshire Hathways,111,14,3,https://www.facebook.com/BHHSRealEstate/posts/pfbid029QU35TbxsWr2fAVeKN5yNM7whsDLjj9MovoBipqzEkcpjh2NpMwC3WvqSPEEG7bTl,"Congratulations to Liz Goodchild of Berkshire Hathaway Starck Real Estate for being honored with the Chicago Association of REALTORS® 2023 Industry Partner Member Award! 

Liz has been selected for this award due to her outstanding contributions as an Industry Partner to the Chicago Association of REALTORS® and to the Chicagoland real estate industry. 

We love to see our network agents gaining recognition for their exceptional talents—way to go, Liz! 

#BHHS #BHHSRealEstate",0.31,0.06,0.03,0.02,0.02,0.31,0.73,obj2,0.135994181036949,128
2021-12-03T06:02:59.000Z,,Microsoft,86,0,1,https://www.facebook.com/MicrosoftIndia/posts/pfbid0t9s9o5tav8TRwGJywUqLMc9FkyhwuoaMxL3SYkXfuxujDcnxaHbUDVNPRq283Q4sl,"On International Day of Persons with Disabilities, let’s go behind the scenes to see how Microsoft is building some of the most accessible workplaces in India. http://msft.it/6180kFjuI  #IDPWD",0.78,0.02,0.01,0.01,0,0.78,0.14,obj5,0.147801786661148,87
2021-12-02T07:10:29.000Z,,Microsoft,53,2,4,https://www.facebook.com/MicrosoftIndia/posts/pfbid0ebzM8gpNNNiUte6hsWGbGvaf3BGQqJkuG8S5YXP1SqdXiXGpkbyeynGRULhLUmpul,Join us at Microsoft #FutureReady. A leadership forum that's curated by a stellar line-up of world thinkers and innovators. Register now. http://msft.it/6186kLSTw,0.96,0.01,0.01,0.01,0,0.96,1,obj1,0.154481559991836,59
2023-07-13T16:02:57.000Z,,Berkshire Hathways,942,117,41,https://www.facebook.com/BHHSRealEstate/posts/pfbid02Zrzom9VhJezM5NBmcFMGRMGHFvLJLhi2C44Q1HxApc2ZfJE7CWbUQZMLgh5oND5ol,"Extending our congratulations to Lori Lane, President of Berkshire Hathaway HomeServices Georgia New Homes Division, on being recognized as a 2023 Power Player by Modern Luxury’s The Atlantan magazine. 

This fitting honor solidifies her position as a trailblazer and industry leader in the Georgia real estate market.",0.56,0.16,0.09,0.01,0,0.56,0.46,obj3,0.162081971764564,1100
2021-11-24T12:08:24.000Z,,Microsoft,49,1,1,https://www.facebook.com/MicrosoftIndia/photos/a.167251896659947/4776000019118422/,Free up your calendar. Register for Microsoft #FutureReady http://msft.it/6181kWzxP,0.69,0.03,0.01,0.01,0.01,0.69,0.43,obj1,0.134098768234252,51
2023-07-05T16:05:01.000Z,,Berkshire Hathways,630,104,106,https://www.facebook.com/BHHSRealEstate/posts/pfbid0FXWZUnnYGkru8AagVFSacuuUaUH5UAYpamyWAHTq9QCZYmp74bzyc3WPbTo9h7xrl,"Intrigued by the Cayman Islands property market? Our latest luxury blog post breaks down the current real estate market in the Caymans and takes a closer look at the sublime Casa Mare Estate and Gardens listed by Paula McCartney of Berkshire Hathaway HomeServices Cayman Islands.

Just click the link below to read!

https://www.bhhs.com/luxury-collection/blog/dream-lifestyle-dream-estate-luxury-living-in-the-cayman-islands",0.56,0.14,0.04,0.04,0.01,0.56,0.5,obj1,0.181116968393325,840
2021-11-19T05:52:28.000Z,,Microsoft,329,6,61,https://www.facebook.com/MicrosoftIndia/photos/a.167251896659947/4759123120806112/,"An accident changed Biju’s life forever. But he accepted his reality, improvised ways to be independent and became an advocate for inclusion. See how he excels every day despite the odds http://msft.it/6184kgsq4. #MicrosoftLife",0.06,0.06,0.05,0.04,0.04,0.06,0.39,obj1,0.206992760300636,396
2023-09-24T14:20:19.000Z,,Walmart,10185,3967,2473,https://www.facebook.com/walmart/posts/pfbid02CMVNYqX2hNtEx15tZ2TuDMmoxuvsRCg227esDvMTY6iXzg9hgTGq3MWSvaKYZAkHl,"When your Halloween costume can turn into a nap pillow, you know you've made it.",0.86,0.01,0.01,0.01,0,0.86,0.9,obj1,0.229151278734207,16625
2023-07-05T15:58:54.000Z,,Berkshire Hathways,225,10,51,https://www.facebook.com/BHHSRealEstate/posts/599796835520040:168042846277897,,0.45,0.1,0.06,0.05,0.03,0.45,0.41,obj3,0.121150784194469,286
2023-06-29T16:00:02.000Z,,Berkshire Hathways,666,38,56,https://www.facebook.com/BHHSRealEstate/posts/650890407077349,"We’re excited to see the recent expansion of Berkshire Hathaway HomeServices Robert Paul Properties after the acquisition of Berkshire Hathaway HomeServices Cape Shores Real Estate, one of Cape Cod’s premier real estate and vacation rental brokerages.

Be sure to stop by the new Cape Cod office and say hello when you are next in the area!",0.5,0.14,0.04,0.03,0.03,0.5,0.21,obj1,0.159954831004142,760
2023-06-26T15:59:00.000Z,,Berkshire Hathways,272,15,15,https://www.facebook.com/BHHSRealEstate/posts/pfbid09tyLtp8QSqPGN2Uzx8jjrhRosf3GKAwqWSud4fECAkvBEzbbaiqagKRxtv4tNcaSl,"Berkshire Hathaway HomeServices Georgia Properties recently marked its 60th anniversary with a special event at Atlanta’s Mercedes-Benz Stadium. Over 1,000 attendees joined the celebrations, which included the honoring of Founder Ed Erbesfield, Chairman Emeritus Dan Forsman, and Executive Vice President Emeritus Toni McGown, with special commendations signed by Georgia Governor Brian Kemp.

A big congratulations to Berkshire Hathaway HomeServices Georgia Properties on this significant milestone!",0.97,0.01,0.01,0.01,0,0.97,0.46,obj2,0.163710638880729,302
2023-06-23T16:45:01.000Z,,Berkshire Hathways,241,26,18,https://www.facebook.com/BHHSRealEstate/posts/pfbid0tR9uxDuw3wEbx7x2FA9EpMbmX9ymHUgTE7TkACnxEMY1jjy61D13AY4VES75kS1nl,"Congratulations to the Berkshire Hathaway HomeServices network agents included in the 2023 National Association of Hispanic Real Estate Professionals (NAHREP®️) Top 250 Latino Agents Report, recognizing outstanding Latino real estate agents and teams from around the country. Incredible achievements all round!",0.83,0.06,0.01,0.01,0,0.83,0.64,obj2,0.181230247020721,285
2023-06-22T16:00:03.000Z,,Berkshire Hathways,566,38,28,https://www.facebook.com/BHHSRealEstate/posts/pfbid022np4iiroM9c1tC9MQD3h855vA6PswFoV86gEiLrL44UTKbKkv9ESnG5niHb67ercl,"Berkshire Hathaway HomeServices CEO Christy Budnick and EVP, Global Business Development Frank Perdichizzi recently took a trip across the pond to commemorate the expansion of Berkshire Hathaway HomeServices Spain and the company’s latest office openings and achievements! 

Here they join Spain’s CEO Bruno Rabassa and the teams at Berkshire Hathaway HomeServices Nova Mallorca and Berkshire Hathaway HomeServices Marbella to celebrate amongst gorgeous architecture and dazzling marinas.",0.46,0.14,0.07,0.02,0.01,0.46,0.15,obj2,0.16362777352333,632
2021-11-05T05:30:00.000Z,,Microsoft,194,2,3,https://www.facebook.com/MicrosoftIndia/photos/a.167251896659947/4713762305342194/,Here’s a lifesaver for those minutes.  #JustSoYouKnow,0.32,0.06,0.04,0.03,0.03,0.32,0.36,obj4,0.106581076979637,199
2023-06-13T16:00:06.000Z,,Berkshire Hathways,279,29,30,https://www.facebook.com/BHHSRealEstate/posts/pfbid0CNFmhUhcdRCKxC3iJhqp2ux1De8LPuQqHmnaSfrZPK92aZG6wwZMyc66EtJQZgTyl,"Another dream home secured thanks to Tony Rossitto, The Collective. of C. Dan Joyner Realtors 

Tony represented the buyer in the successful negotiation and purchase of this beautiful 10th-floor residence in downtown Greenville, SC. The property boasts a prime location, as well as the best amenities and views the city has to offer.",0.26,0.1,0.08,0.05,0.04,0.26,0.57,obj4,0.211968556046485,338
2023-06-09T13:10:07.000Z,,Berkshire Hathways,237,31,11,https://www.facebook.com/BHHSRealEstate/posts/pfbid0jjv1RZjYxkwUczWvNNXfGGzPyMKacssdM3sthgqpN8wGhaQWxwkXKrC9wL7ywToPl,Congratulations to all Berkshire Hathaway HomeServices network members who made this year’s The Thousand list—a testament to the hard work and commitment to the real estate industry they demonstrated throughout 2022.  #BHHS #BHHSRealEstate #TheThousand,0.79,0.09,0.01,0.01,0,0.79,0.39,obj1,0.131766602396965,279
2023-09-14T16:03:01.000Z,,Walmart,3646,1950,926,https://www.facebook.com/walmart/photos/a.385715789235/10161350731434236/,"Walmart's #BabyDays have arrived! 

Don't miss out on these exclusive deals & fantastic savings on baby essentials throughout September. Just like our Associate Carly, you'll discover adorable bibs & a wide range of other baby must-haves to keep your little one happy & your budget in check!  https://walmrt.us/3EEWJjj",0.56,0.05,0.04,0.03,0.02,0.56,0.52,obj1,0.18320608139038,6522
2021-11-03T10:30:01.000Z,,Microsoft,73,5,5,https://www.facebook.com/MicrosoftIndia/photos/a.167251896659947/4707961412588950/,Something to keep you busy during that three-hour long meeting!,0.09,0.08,0.07,0.04,0.03,0.09,0.42,obj3,0.112268134951591,83
2023-06-06T16:01:47.000Z,,Berkshire Hathways,289,53,19,https://www.facebook.com/BHHSRealEstate/posts/pfbid0bxso1K3ExS6e2tFtbuf9B8yjRiz2srMnBQxUyzgky94RxSjoYEv8mpVsWpdj3DgAl,"Hats off to Stacy Mathews and the team at Berkshire Hathaway HomeServices Premier Properties for being named one of the RealTrends GameChangers for 2023!

Every year, RealTrends chooses GameChangers based on five-year, transaction side percentage data from the RealTrends 500 between 2017 and 2022. In this time, Berkshire Hathaway HomeServices Premier Properties has achieved an astronomical 358% growth.

Please join us in congratulating Stacy and his team on this impressive achievement!",0.63,0.02,0.01,0.01,0.01,0.63,0.42,obj1,0.174335092306137,361
2023-06-05T16:00:02.000Z,,Berkshire Hathways,710,42,22,https://www.facebook.com/BHHSRealEstate/posts/pfbid0gh6xfSpRw3otSGbkvNPDMx4pXohHnsGLi57ddbAj2FePwf8gEjufeaj2hC5atD6Dl,"A great example of our unbeatable global connectivity: even when on vacation, agents take the time to meet and connect with their fellow Berkshire Hathaway HomeServices network members all around the world.

Here’s Giovanna Canela of BHHS Colonial Homes San Miguel making a stop off at Berkshire Hathaway HomeServices Chicago on a recent visit!",0.95,0.01,0.01,0.01,0.01,0.95,0.18,obj5,0.164366737008094,774
2023-06-01T16:00:03.000Z,,Berkshire Hathways,226,7,91,https://www.facebook.com/BHHSRealEstate/posts/pfbid0ERd36zdHLYwLFzKmhi6iWHmqwAiYvnrFbACNhmFcK45ruKDnbdWTPSqkAunAzcgnl,"June is Berkshire Hathaway HomeServices Real Estate Planning Month—the perfect chance to turn your real estate dreams into reality, with a little help from a Berkshire Hathaway HomeServices Forever Agent℠.

Across the network, our agents are ready to help you establish a more secure future. Whether you’re a first-time buyer, or looking to add to your property portfolio, reach out to your Forever Agent℠ today for expert advice and a complementary real estate and lifestyle review.",0.16,0.07,0.06,0.04,0.03,0.16,0.38,obj3,0.157519608736038,324
2023-05-30T16:00:20.000Z,,Berkshire Hathways,398,33,41,https://www.facebook.com/BHHSRealEstate/posts/pfbid0gL8oAXuhgg8GuDF4magpVpsUAFgBAZDFQytowyS3KuUgdcpaP5wMYstyiiteadASl,"In an exciting network update, we’re delighted to share news of the merger of Rose & Womble Realty Company and Berkshire Hathaway HomeServices Towne Realty to form Berkshire Hathaway HomeServices RW Towne Realty. 

This is a defining moment for real estate, bringing together 750 residential real estate specialists to expertly serve the regions of Southeastern Virginia and Northeast North Carolina.

We look forward to a prosperous future for the newly formed company!",0.35,0.29,0.04,0.04,0.01,0.35,0.25,obj2,0.194707483053207,472
2021-10-28T05:30:00.000Z,,Microsoft,37,0,1,https://www.facebook.com/MicrosoftIndia/photos/a.167251896659947/4688315021220256/,"Increase the brightness to see the entire message. Using an outdated version of the software is the last thing you want to do. Check the link http://msft.it/6182XNnGu to learn the importance of system updates.
#CyberSecurity #privacy #SecurityForAll​",0.96,0.01,0.01,0.01,0,0.96,0.33,obj1,0.105901420116424,38
2023-05-29T16:00:06.000Z,,Berkshire Hathways,224,6,41,https://www.facebook.com/BHHSRealEstate/posts/pfbid02QWfEkhUu2CmYNJYdUFeEVj6ZDW7q6gM1wyZcnfLquHLDhW4GxM5UgwmyHiVBSeGNl,Today we honor the brave members of the Armed Forces who made the ultimate sacrifice for our country. Thank you for your service and may you always be remembered.,0.14,0.12,0.08,0.06,0.05,0.14,0.22,obj1,0.191944226622581,271
2021-10-25T05:30:01.000Z,,Microsoft,44,7,3,https://www.facebook.com/MicrosoftIndia/photos/a.167251896659947/4678505508867874/,"Increase the brightness to see the entire message. Opening an unknown email can put you in a tight spot. Check the link http://msft.it/6185XNVl5 to learn about email safety.
#CyberSecurity #Phishing #privacy #SecurityForAll​",0.8,0.05,0.01,0.01,0.01,0.8,0.23,obj1,0.106495834887027,54
2023-05-18T16:24:05.000Z,,Berkshire Hathways,141,25,12,https://www.facebook.com/BHHSRealEstate/posts/pfbid0oWE3ehT2mjnfvLfJqmJWVTVajuTYwmEVvL4f6Ms6hBhbv3K6KfTSR3VUXjZkcPWSl,"We sat down with Greg Gunter, broker/owner of Berkshire Hathaway HomeServices Colonial Homes San Miguel, for our latest Luxury Collection Specialist interview to learn all about his childhood work experience that helped pave the way for the rest of his career, how working in Mexico differs to the U.S., and—of course—his thoughts on the stunning city of San Miguel de Allende. 

Read now here: https://www.bhhs.com/luxury-collection/sell/greg-gunter",0.34,0.05,0.05,0.04,0.04,0.34,0.4,obj1,0.260178178548812,178
2021-10-22T04:49:48.000Z,,Microsoft,154,5,7,https://www.facebook.com/MicrosoftIndia/photos/a.167251896659947/4669373246447767/,TURN ON YOUR CAPS LOCK AND TELL US WHY YOU LOVE IT. #HappyCapsLockDay,0.1,0.09,0.04,0.03,0.03,0.1,0.57,obj2,0.112236507236957,166
2023-05-14T17:00:02.000Z,,Berkshire Hathways,698,66,88,https://www.facebook.com/BHHSRealEstate/posts/623357486497308,"To all the wonderful, caring mothers, let’s hope you get at least 5 minutes of feet-up time today. You deserve it! #happymothersday",0.4,0.16,0.04,0.02,0.01,0.4,0.39,obj3,0.122866414487361,852
2023-05-12T16:05:39.000Z,,Berkshire Hathways,120,9,13,https://www.facebook.com/BHHSRealEstate/posts/pfbid02z93Spuerw9Z9yE2TYhdTfJxi1SeVJrzcpX3zeaJ69VgLuDMqpJT1sbgZwDFWnpEsl,"Introducing The REthink Review: the new report from the #BHHS REthink Council.

This invaluable report tackles the “Currency Behind Conversation,” with some of the network’s top producers evaluating what it takes to cultivate a strong rapport with clients on both ends of the transaction.

Network agents and brokers alike: dive into this illuminating review to garner a series of key takeaways that can be implemented in your own day-to-day business activities. 

Read the report today via the link below.

https://issuu.com/bhhsevents/docs/rethink_review_-_the_currency_behind_conversation?fr=sOGQ3MTM1MjA3NzI

#BHHSRealEstate #RealEstate #BHHS #ReThinkCouncil",0.29,0.27,0.07,0.02,0.02,0.29,0.93,obj2,0.249668642878532,142
2023-05-11T16:00:02.000Z,,Berkshire Hathways,231,17,19,https://www.facebook.com/BHHSRealEstate/posts/pfbid02f2zpKskbXuQkzeabgMDvvjaKjf3THmrnvPhChTMbMGVL1UMfaHLW52wUBuhNh4Hpl,"A genuinely remarkable property steeped in local history has hit the market in the Point Loma neighborhood of San Diego, CA.

This unique mid-century modern home was originally owned by Roy and Katie Klumpp, who worked closely with the contractor and architects in the design and construction of the property—and had a vision to blend the home with its natural surroundings and take advantage of the spectacular views.

And the home’s surroundings are where the Klummps dedicated their attention to after construction was completed, playing a pivotal role in the preservation of nearby Sunset Cliffs Natural Park. 

For more information on this special property, contact Rosamaria Acuña, Realtor - Lic 00980917 of Berkshire Hathaway HomeServices California Properties.

Offered at $3,200,000.

https://bit.ly/41j6WL8",0.64,0.18,0.03,0.03,0.02,0.64,0.66,obj1,0.15529265999794,267
2023-05-09T16:00:01.000Z,,Berkshire Hathways,230,4,14,https://www.facebook.com/BHHSRealEstate/posts/pfbid0U8nGjrVSdnay5ciXYUdHQcTbGV7gRo4AEs5XmTpuTeqh7iiZkUnwBa8V1sfJqF1Ql,"Turn to page 60 of the latest Real Estate magazine from RISMedia to read a fabulous write-up of Sales Convention 2023 from our very own Allan Dalton—hailing the latest duo to take Vegas by storm: Gino Blefari and Christy Budnick.
 
You can read the magazine online via the link below.

https://www.rismedia.com/?r3d=may-2023-real-estate-magazine#62",0.14,0.13,0.12,0.06,0.06,0.14,0.4,obj2,0.180538326501846,248
2023-05-04T16:04:25.000Z,,Berkshire Hathways,781,149,56,https://www.facebook.com/BHHSRealEstate/posts/pfbid0Wb5h6hGgTnrLQqQiNbXw4NEWRZPYn1Z6fS7zXKvXcVHSiFfUEvPyq75uUgNkPTQJl,"⚠ Record-breaking sale ⚠
 
In the highly-sought-after Montreal neighborhood of Outremont, Maureen Brosseau of Berkshire Hathaway HomeServices Québec has recently broken an area record*, selling this spectacular property for $5,425,000 CAD.
 
Join us in congratulating Maureen on this impressive achievement! 

*Based on MLS sales",0.43,0.22,0.02,0.02,0.02,0.43,0.25,obj3,0.188721135258674,986
2023-08-29T18:13:09.000Z,,Walmart,9006,10670,4807,https://www.facebook.com/walmart/posts/pfbid0213uFaDqwhELeQUknvgRbVzMzrAdkm5mmpSzMNrxkbMPnxAKzp7CUmtCaGtitogYRl,Who knew that Slytherins could be so cuddly?,0.15,0.1,0.09,0.07,0.03,0.15,0.95,obj1,0.197932690382003,24483
2023-05-01T16:00:21.000Z,,Berkshire Hathways,69,14,11,https://www.facebook.com/BHHSRealEstate/posts/pfbid02L5MsRygmwYw192og18YffTNx2Tcx8SjPJ2SoQ4SRXBp9u5LfMEjdL1XkwTEGSjsKl,"In the latest of our Luxury Collection Specialist Stories on bhhsluxurycollection.com, we spoke with Sandra Juliano, Realtor of Berkshire Hathaway HomeServices New England, New York, and Hudson Valley Properties about moving into real estate part-way through her career, her impressive pre-real estate resume, and how she embodies the Forever Agent℠ spirit. 

Read here: https://www.berkshirehathawayhs.com/luxury-collection/sell/sandra-juliano",0.89,0.02,0.01,0.01,0.01,0.89,0.17,obj2,0.131301760673522,94
2023-08-25T14:11:17.000Z,,Walmart,2858,3714,494,https://www.facebook.com/walmart/posts/pfbid0hhrkcUsBPq33mpYoyjtw7nrgwg64YCYQSvR5Qz2KkXCQhrkAcqnAGdXa5Ecoo3gvl,*adds to cart too frantically and catches a thumb cramp* ️,0.26,0.23,0.17,0.14,0.04,0.26,0.65,obj3,0.209047421813011,7066
2023-04-27T17:10:20.000Z,,Berkshire Hathways,177,13,17,https://www.facebook.com/BHHSRealEstate/posts/pfbid02XvQEexixKKPT9bZnvbKWiE6J5VuSTXY2i8bExxgdBna2sH1G1W4tUstxMoN1mDeJl,,0.21,0.17,0.14,0.06,0.03,0.21,0.3,obj4,0.181129962205886,207
2023-08-19T14:03:02.000Z,,Walmart,3806,2214,654,https://www.facebook.com/walmart/posts/pfbid02QerJTu5zeXSJeE9K7GZVm39GgN2QmkWZiHUYg3seobFLfd5pWWSjKnGLoKtfxq3il,It's a Dogg eat Dogg world on aisle 6,0.52,0.27,0.11,0.01,0.01,0.52,0.76,obj2,0.209895029664039,6674
2023-04-25T17:09:19.000Z,,Berkshire Hathways,146,15,19,https://www.facebook.com/BHHSRealEstate/posts/pfbid0hbCNG7pvmGoCzjh2pgLG3wCaihCzxcREHuTMWG33KhuYEG8UdUJNE955AMwjUp4bl,,0.75,0.08,0.03,0.01,0.01,0.75,0.63,obj1,0.166966989636421,180
2023-08-12T14:10:08.000Z,,Walmart,32544,9278,459,https://www.facebook.com/walmart/posts/pfbid06PqksrKbgJgMuaE64VfLQJqEcqMBPPNcUKDTuJN9JYJqNNtL45rf6zVG93fcPpzel,Help us congratulate Chase and Ryle on their engagement!,0.21,0.07,0.06,0.05,0.05,0.21,0.32,obj3,1,42281
2023-08-05T15:03:35.000Z,,Walmart,2149,2314,188,https://www.facebook.com/walmart/posts/pfbid0K2rpGA6ttu2WPtToq3tEQYDdwLrXWLZQBY4qeAjHYHrpshSo3mkTTPdAJur5Nvgjl,"July 31st: ☀️
August 1st:",0.9,0.08,0.05,0.03,0.03,0.9,0.3,obj1,0.197746932506561,4651
2023-08-05T00:35:56.000Z,,Walmart,7582,3282,1842,https://www.facebook.com/walmart/photos/a.385715789235/10161256562459236/,"We’ve created Sensory-Friendly Hours this back-to-school season to continue to create a shopping experience where everyone feels like they belong & can bring their unique identities, experiences, disabilities, & perspectives into our stores.

 

Join us every Saturday, now thru August 26 (September 9 in select locations) from 8-10am as we work to make the shopping experience a little easier on individuals and families who are especially sensitive to lights and sounds. 

 

What you can expect:

1. Radio turned off

2. Lighting dimmed (*Limited # of stores)

3. TV Wall set to a static, low sensory image

Thanks Walmart Jonesboro - E Highland Dr for the awesome support!",0.09,0.06,0.04,0.04,0.03,0.09,0.32,obj1,0.203874140977859,12706
2023-07-21T15:09:07.000Z,,Walmart,4605,3241,1286,https://www.facebook.com/walmart/posts/pfbid02jVcAonxuuvfxM6LZZ35ooApNH8B3pzxNDGj2X3A43jeKfs5L89paPA23y3jyAJJel,Got 67 problems but school supplies don't have to be one with this back to school supply kit!,0.21,0.12,0.06,0.05,0.05,0.21,0.14,obj4,0.211839184165,9132
2023-07-19T15:27:29.000Z,,Walmart,2865,2463,663,https://www.facebook.com/walmart/posts/pfbid02CFvL2W2XML7Qb39gcpyYvWDFvsMbw86UyGzRs7tUEizaBBNrkUiLSEvyhDVoxz2Bl,*slowly reaches for a pumpkin spice latte*,0.56,0.05,0.04,0.03,0.03,0.56,0.52,obj1,0.111769363284111,5991
2023-07-13T14:11:46.000Z,,Walmart,1551,881,221,https://www.facebook.com/walmart/photos/a.385715789235/10161201060949236/,It's  season and Walmart Salem - Highland Ave picked a good bunch!,0.85,0.01,0.01,0.01,0,0.85,0.89,obj1,0.180934846401214,2653
